scenario,variant,primary_metric,primary_geomean_us,seed_values_us,QueueDiag.composite_ecn_marks,QueueDiag.composite_trims,RoceDiag.nacks,RoceDiag.ecn_echo_acks,StorProfileDiag.stor_level_changes,StorProfileDiag.netaware_level_changes,StorProfileDiag.stor_all_zero_profiles,StorProfileDiag.stor_all_zero_selections
asymmetric_permutation_16mib,avail_ecn_only,p99_fct_us,448.2878673803137,13:441.449730;29:451.978250;47:451.514980,7393.333333333333,1.0,418.0,2808.0,531.3333333333334,0.0,0.0,0.0
asymmetric_permutation_16mib,avail_hybrid,p99_fct_us,457.9142928111898,13:455.768160;29:461.332040;47:456.662130,7971.333333333333,1.3333333333333333,347.6666666666667,3041.6666666666665,591.0,0.0,0.0,0.0
asymmetric_permutation_16mib,avail_packet,p99_fct_us,448.2878673803137,13:441.449730;29:451.978250;47:451.514980,7393.333333333333,1.0,418.0,2808.0,531.3333333333334,0.0,0.0,0.0
asymmetric_permutation_16mib,avail_time,p99_fct_us,448.2878673803137,13:441.449730;29:451.978250;47:451.514980,7393.333333333333,1.0,418.0,2808.0,531.3333333333334,0.0,0.0,0.0
asymmetric_permutation_16mib,grade_conservative,p99_fct_us,543.1335612091822,13:543.350120;29:539.331270;47:546.744660,10389.333333333334,100.0,347.6666666666667,4334.666666666667,739.6666666666666,0.0,0.0,0.0
asymmetric_permutation_16mib,grade_default,p99_fct_us,467.41733735623467,13:461.480540;29:466.454890;47:474.407350,7585.0,6.666666666666667,447.0,2966.0,814.3333333333334,0.0,0.0,0.0
asymmetric_permutation_16mib,grade_equal,p99_fct_us,527.5223088614798,13:514.024010;29:535.964750;47:532.847410,9835.666666666666,60.666666666666664,363.0,4022.3333333333335,1039.3333333333333,0.0,0.0,0.0
asymmetric_permutation_16mib,grade_gentle,p99_fct_us,488.5569565194421,13:483.745680;29:491.401360;47:490.560020,8530.666666666666,24.0,399.0,3430.3333333333335,914.6666666666666,0.0,0.0,0.0
asymmetric_permutation_16mib,grade_sensitive,p99_fct_us,532.983019145343,13:526.163690;29:535.840710;47:537.011440,9922.666666666666,100.66666666666667,360.0,4075.6666666666665,763.6666666666666,0.0,0.0,0.0
asymmetric_permutation_16mib,grade_sharp,p99_fct_us,461.58852174357065,13:456.122010;29:465.858140;47:462.839360,7343.333333333333,2.3333333333333335,457.6666666666667,2887.3333333333335,823.3333333333334,0.0,0.0,0.0
asymmetric_permutation_16mib,netaware_default_off,p99_fct_us,424.373608717775,13:422.719890;29:422.614360;47:427.807280,6931.333333333333,0.0,45.0,2757.6666666666665,0.0,1736.0,0.0,0.0
asymmetric_permutation_16mib,netaware_equal,p99_fct_us,513.5265656603863,13:518.297820;29:509.747370;47:512.571400,10882.333333333334,0.0,214.66666666666666,4493.333333333333,0.0,1641.6666666666667,0.0,0.0
asymmetric_permutation_16mib,netaware_gentle,p99_fct_us,462.5238708540881,13:458.989460;29:458.647220;47:470.025020,9468.333333333334,0.0,19.333333333333332,3630.6666666666665,0.0,1055.0,0.0,0.0
asymmetric_permutation_16mib,netaware_goodcap,p99_fct_us,424.373608717775,13:422.719890;29:422.614360;47:427.807280,6931.333333333333,0.0,45.0,2757.6666666666665,0.0,1736.0,0.0,0.0
asymmetric_permutation_16mib,netaware_sharp,p99_fct_us,420.06244994935946,13:414.684260;29:424.527040;47:421.035460,7113.666666666667,0.0,91.66666666666667,2817.0,0.0,1717.6666666666667,0.0,0.0
asymmetric_permutation_16mib,nmrc_any_better,p99_fct_us,413.52483971652515,13:453.578710;29:406.358000;47:383.657180,8064.666666666667,70.33333333333333,81.0,3866.0,0.0,0.0,0.0,0.0
asymmetric_permutation_16mib,nmrc_better_ge3,p99_fct_us,403.92870807052924,13:434.777010;29:395.097480;47:383.657180,7522.333333333333,6.0,7.666666666666667,3583.3333333333335,0.0,0.0,0.0,0.0
full_global_p16_256mib_background_off,avail_ecn_only,all_to_all_cct_us,7087.32174648427,13:7106.450000;29:7053.130000;47:7102.510000,3976925.3333333335,433000.0,597624.0,1894535.6666666667,381068.6666666667,0.0,106.66666666666667,4375.333333333333
full_global_p16_256mib_background_off,avail_hybrid,all_to_all_cct_us,6750.069641731022,13:6775.190000;29:6602.040000;47:6875.830000,3258389.0,452118.0,630959.3333333334,1437527.3333333333,410802.6666666667,0.0,522.6666666666666,19086.666666666668
full_global_p16_256mib_background_off,avail_packet,all_to_all_cct_us,6961.995279215489,13:7057.460000;29:6816.590000;47:7014.320000,4201302.666666667,439825.0,588880.6666666666,1980698.0,499571.3333333333,0.0,1303.0,59389.333333333336
full_global_p16_256mib_background_off,avail_time,all_to_all_cct_us,6961.995279215489,13:7057.460000;29:6816.590000;47:7014.320000,4201302.666666667,439825.0,588880.6666666666,1980698.0,499571.3333333333,0.0,1303.0,59389.333333333336
full_global_p16_256mib_background_off,grade_conservative,all_to_all_cct_us,6911.440345891727,13:7105.440000;29:6967.100000;47:6669.030000,2965067.0,520441.0,738252.3333333334,1302610.6666666667,360055.6666666667,0.0,237.0,7794.333333333333
full_global_p16_256mib_background_off,grade_default,all_to_all_cct_us,7522.883168196799,13:7584.550000;29:7459.470000;47:7525.150000,5329723.333333333,447908.6666666667,579250.0,2437502.3333333335,462776.3333333333,0.0,5818.666666666667,174572.66666666666
full_global_p16_256mib_background_off,grade_equal,all_to_all_cct_us,7244.90115696106,13:7199.360000;29:7133.420000;47:7404.670000,4760866.333333333,403445.0,539641.6666666666,2136028.0,446575.0,0.0,5023.666666666667,165506.0
full_global_p16_256mib_background_off,grade_gentle,all_to_all_cct_us,7331.167894553022,13:7219.650000;29:7409.970000;47:7365.240000,5088912.666666667,422670.6666666667,557607.3333333334,2308722.3333333335,457471.6666666667,0.0,5460.666666666667,167915.66666666666
full_global_p16_256mib_background_off,grade_sensitive,all_to_all_cct_us,6800.533786553265,13:6723.850000;29:6771.150000;47:6907.940000,3464962.3333333335,442737.3333333333,630820.3333333334,1539714.0,413316.6666666667,0.0,172.66666666666666,3765.3333333333335
full_global_p16_256mib_background_off,grade_sharp,all_to_all_cct_us,7729.055277812301,13:7682.180000;29:7779.040000;47:7726.250000,5531291.333333333,468772.3333333333,596635.6666666666,2543325.0,460409.3333333333,0.0,5947.666666666667,176546.66666666666
full_global_p16_256mib_background_off,netaware_default_off,all_to_all_cct_us,6891.468935262542,13:7214.440000;29:6742.310000;47:6728.590000,3636313.3333333335,650290.0,858314.3333333334,1624758.3333333333,0.0,633329.3333333334,0.0,0.0
full_global_p16_256mib_background_off,netaware_equal,all_to_all_cct_us,7185.49019482035,13:7321.730000;29:7067.040000;47:7169.980000,2394978.0,734706.0,964148.6666666666,1045546.3333333334,0.0,383904.3333333333,0.0,0.0
full_global_p16_256mib_background_off,netaware_gentle,all_to_all_cct_us,7312.976886321588,13:7270.460000;29:7147.320000;47:7526.230000,2819237.3333333335,798916.0,1043735.0,1244990.3333333333,0.0,469478.0,0.0,0.0
full_global_p16_256mib_background_off,netaware_goodcap,all_to_all_cct_us,7292.549841523254,13:7735.420000;29:6736.690000;47:7442.310000,2567148.0,831006.3333333334,1083568.3333333333,1142420.6666666667,0.0,458739.0,0.0,0.0
full_global_p16_256mib_background_off,netaware_sharp,all_to_all_cct_us,7267.286278005186,13:7495.820000;29:7139.040000;47:7172.290000,3924689.3333333335,648373.6666666666,841205.0,1762370.3333333333,0.0,694256.3333333334,0.0,0.0
full_global_p4_64mib_background_off,avail_ecn_only,all_to_all_cct_us,2461.535195650021,13:2485.430000;29:2206.620000;47:2719.500000,757352.6666666666,271190.6666666667,294305.0,320750.3333333333,60845.333333333336,0.0,213.66666666666666,11546.333333333334
full_global_p4_64mib_background_off,avail_hybrid,all_to_all_cct_us,2184.1443349831843,13:2188.100000;29:2214.830000;47:2149.990000,832867.0,237352.33333333334,258059.33333333334,359135.3333333333,126540.66666666667,0.0,649.0,22514.333333333332
full_global_p4_64mib_background_off,avail_packet,all_to_all_cct_us,2402.342653973642,13:2561.650000;29:2568.340000;47:2107.330000,997218.0,243780.66666666666,266964.3333333333,419536.6666666667,136099.66666666666,0.0,1679.6666666666667,77118.66666666667
full_global_p4_64mib_background_off,avail_time,all_to_all_cct_us,2402.342653973642,13:2561.650000;29:2568.340000;47:2107.330000,997218.0,243780.66666666666,266964.3333333333,419536.6666666667,136099.66666666666,0.0,1679.6666666666667,77118.66666666667
full_global_p4_64mib_background_off,grade_conservative,all_to_all_cct_us,2335.9572569110896,13:2427.180000;29:2257.690000;47:2326.100000,706695.0,243729.0,264749.3333333333,303417.3333333333,110224.66666666667,0.0,250.66666666666666,7704.0
full_global_p4_64mib_background_off,grade_default,all_to_all_cct_us,2245.6565298061473,13:2227.190000;29:2231.530000;47:2278.610000,1655777.3333333333,241949.33333333334,265033.0,665082.0,104922.66666666667,0.0,1977.6666666666667,111246.33333333333
full_global_p4_64mib_background_off,grade_equal,all_to_all_cct_us,2158.493336990846,13:2122.710000;29:2189.750000;47:2163.550000,1478020.0,226884.66666666666,249027.33333333334,599681.0,108413.33333333333,0.0,1833.3333333333333,105178.33333333333
full_global_p4_64mib_background_off,grade_gentle,all_to_all_cct_us,2254.434932465565,13:2215.850000;29:2355.960000;47:2194.850000,1526724.0,232108.66666666666,254517.0,618555.3333333334,108536.66666666667,0.0,1900.0,107640.33333333333
full_global_p4_64mib_background_off,grade_sensitive,all_to_all_cct_us,2166.829027818065,13:2212.360000;29:2196.770000;47:2093.310000,905563.3333333334,224194.0,244868.66666666666,380614.0,124340.66666666667,0.0,206.33333333333334,6392.333333333333
full_global_p4_64mib_background_off,grade_sharp,all_to_all_cct_us,2311.8760939836407,13:2311.750000;29:2313.930000;47:2309.950000,1713593.0,255703.66666666666,278981.0,686449.6666666666,103670.0,0.0,1985.6666666666667,109329.33333333333
standard_websearch_proxy_80pct,avail_ecn_only,p99_fct_us,3815.5167967875004,13:4189.409226;29:3610.623385;47:3672.189918,82224.33333333333,486542.3333333333,604473.6666666666,42839.333333333336,19278.333333333332,0.0,43.333333333333336,2188.6666666666665
standard_websearch_proxy_80pct,avail_hybrid,p99_fct_us,3805.0273107266476,13:4183.331883;29:3597.642136;47:3660.437983,117332.33333333333,478030.3333333333,595132.0,61071.333333333336,319299.6666666667,0.0,562.3333333333334,13741.666666666666
standard_websearch_proxy_80pct,avail_packet,p99_fct_us,3832.0012107494813,13:4200.761339;29:3661.761086;47:3658.128016,372875.0,448253.6666666667,555249.0,196206.0,462524.0,0.0,2913.6666666666665,132497.66666666666
standard_websearch_proxy_80pct,avail_time,p99_fct_us,3832.0012107494813,13:4200.761339;29:3661.761086;47:3658.128016,372875.0,448253.6666666667,555249.0,196206.0,462524.0,0.0,2913.6666666666665,132497.66666666666
standard_websearch_proxy_80pct,grade_conservative,p99_fct_us,3782.9848024475014,13:4150.211590;29:3581.198735;47:3642.546700,53573.333333333336,486346.3333333333,605658.0,27361.333333333332,116076.66666666667,0.0,15.333333333333334,301.0
standard_websearch_proxy_80pct,grade_default,p99_fct_us,3876.497777978905,13:4287.967987;29:3667.916814;47:3703.800672,323823.3333333333,458602.6666666667,566777.6666666666,169732.66666666666,365308.6666666667,0.0,89.33333333333333,2522.6666666666665
standard_websearch_proxy_80pct,grade_equal,p99_fct_us,3810.295171754019,13:4210.560513;29:3585.087680;47:3664.680914,96759.0,482703.6666666667,600629.0,49919.333333333336,345216.6666666667,0.0,59.333333333333336,1978.3333333333333
standard_websearch_proxy_80pct,grade_gentle,p99_fct_us,3808.1070643519465,13:4193.948857;29:3614.716452;47:3642.756016,167822.66666666666,473595.6666666667,588294.0,87498.0,351865.6666666667,0.0,74.66666666666667,2370.0
standard_websearch_proxy_80pct,grade_sensitive,p99_fct_us,3765.457340448902,13:4109.677701;29:3584.080488;47:3624.663356,67757.33333333333,483757.3333333333,601686.3333333334,34809.0,152684.33333333334,0.0,12.0,222.66666666666666
standard_websearch_proxy_80pct,grade_sharp,p99_fct_us,4045.3392603500224,13:4605.770415;29:3816.954143;47:3765.699147,655407.3333333334,426991.6666666667,524593.3333333334,342153.6666666667,388803.0,0.0,149.0,3669.6666666666665
standard_websearch_proxy_80pct,netaware_default_off,p99_fct_us,3837.260619122125,13:4245.877814;29:3619.692615;47:3676.416495,62360.333333333336,485480.3333333333,604226.6666666666,31873.666666666668,0.0,26032.666666666668,0.0,0.0
standard_websearch_proxy_80pct,netaware_equal,p99_fct_us,3822.2264855835247,13:4258.582549;29:3582.032508;47:3660.620097,47133.666666666664,486952.3333333333,606499.0,23945.666666666668,0.0,19860.666666666668,0.0,0.0
standard_websearch_proxy_80pct,netaware_gentle,p99_fct_us,3777.030665762221,13:4181.586208;29:3553.456447;47:3626.264522,50869.666666666664,486123.0,605105.3333333334,25872.0,0.0,22502.333333333332,0.0,0.0
standard_websearch_proxy_80pct,netaware_goodcap,p99_fct_us,3822.9413764571577,13:4252.478709;29:3582.798947;47:3667.147083,58228.666666666664,485827.3333333333,605535.6666666666,30141.0,0.0,24901.666666666668,0.0,0.0
standard_websearch_proxy_80pct,netaware_sharp,p99_fct_us,3813.968810122941,13:4207.294370;29:3612.749747;47:3649.981245,90063.0,481819.6666666667,599182.6666666666,46735.666666666664,0.0,34524.0,0.0,0.0
