scenario,variant,seed,profile,level_changes,paired_reversals,all_zero_profiles,all_zero_selections
asymmetric_permutation_16mib,avail_ecn_only,13,stor,522,259,0,0
asymmetric_permutation_16mib,avail_ecn_only,13,netaware,0,0,0,0
asymmetric_permutation_16mib,avail_ecn_only,29,stor,512,251,0,0
asymmetric_permutation_16mib,avail_ecn_only,29,netaware,0,0,0,0
asymmetric_permutation_16mib,avail_ecn_only,47,stor,560,273,0,0
asymmetric_permutation_16mib,avail_ecn_only,47,netaware,0,0,0,0
asymmetric_permutation_16mib,avail_hybrid,13,stor,574,287,0,0
asymmetric_permutation_16mib,avail_hybrid,13,netaware,0,0,0,0
asymmetric_permutation_16mib,avail_hybrid,29,stor,562,281,0,0
asymmetric_permutation_16mib,avail_hybrid,29,netaware,0,0,0,0
asymmetric_permutation_16mib,avail_hybrid,47,stor,637,318,0,0
asymmetric_permutation_16mib,avail_hybrid,47,netaware,0,0,0,0
asymmetric_permutation_16mib,avail_packet,13,stor,522,259,0,0
asymmetric_permutation_16mib,avail_packet,13,netaware,0,0,0,0
asymmetric_permutation_16mib,avail_packet,29,stor,512,251,0,0
asymmetric_permutation_16mib,avail_packet,29,netaware,0,0,0,0
asymmetric_permutation_16mib,avail_packet,47,stor,560,273,0,0
asymmetric_permutation_16mib,avail_packet,47,netaware,0,0,0,0
asymmetric_permutation_16mib,avail_time,13,stor,522,259,0,0
asymmetric_permutation_16mib,avail_time,13,netaware,0,0,0,0
asymmetric_permutation_16mib,avail_time,29,stor,512,251,0,0
asymmetric_permutation_16mib,avail_time,29,netaware,0,0,0,0
asymmetric_permutation_16mib,avail_time,47,stor,560,273,0,0
asymmetric_permutation_16mib,avail_time,47,netaware,0,0,0,0
asymmetric_permutation_16mib,grade_conservative,13,stor,660,292,0,0
asymmetric_permutation_16mib,grade_conservative,13,netaware,0,0,0,0
asymmetric_permutation_16mib,grade_conservative,29,stor,757,326,0,0
asymmetric_permutation_16mib,grade_conservative,29,netaware,0,0,0,0
asymmetric_permutation_16mib,grade_conservative,47,stor,802,298,0,0
asymmetric_permutation_16mib,grade_conservative,47,netaware,0,0,0,0
asymmetric_permutation_16mib,grade_default,13,stor,783,227,0,0
asymmetric_permutation_16mib,grade_default,13,netaware,0,0,0,0
asymmetric_permutation_16mib,grade_default,29,stor,806,229,0,0
asymmetric_permutation_16mib,grade_default,29,netaware,0,0,0,0
asymmetric_permutation_16mib,grade_default,47,stor,854,206,0,0
asymmetric_permutation_16mib,grade_default,47,netaware,0,0,0,0
asymmetric_permutation_16mib,grade_equal,13,stor,1010,305,0,0
asymmetric_permutation_16mib,grade_equal,13,netaware,0,0,0,0
asymmetric_permutation_16mib,grade_equal,29,stor,1007,291,0,0
asymmetric_permutation_16mib,grade_equal,29,netaware,0,0,0,0
asymmetric_permutation_16mib,grade_equal,47,stor,1101,363,0,0
asymmetric_permutation_16mib,grade_equal,47,netaware,0,0,0,0
asymmetric_permutation_16mib,grade_gentle,13,stor,889,275,0,0
asymmetric_permutation_16mib,grade_gentle,13,netaware,0,0,0,0
asymmetric_permutation_16mib,grade_gentle,29,stor,890,264,0,0
asymmetric_permutation_16mib,grade_gentle,29,netaware,0,0,0,0
asymmetric_permutation_16mib,grade_gentle,47,stor,965,295,0,0
asymmetric_permutation_16mib,grade_gentle,47,netaware,0,0,0,0
asymmetric_permutation_16mib,grade_sensitive,13,stor,746,245,0,0
asymmetric_permutation_16mib,grade_sensitive,13,netaware,0,0,0,0
asymmetric_permutation_16mib,grade_sensitive,29,stor,736,258,0,0
asymmetric_permutation_16mib,grade_sensitive,29,netaware,0,0,0,0
asymmetric_permutation_16mib,grade_sensitive,47,stor,809,279,0,0
asymmetric_permutation_16mib,grade_sensitive,47,netaware,0,0,0,0
asymmetric_permutation_16mib,grade_sharp,13,stor,799,236,0,0
asymmetric_permutation_16mib,grade_sharp,13,netaware,0,0,0,0
asymmetric_permutation_16mib,grade_sharp,29,stor,813,238,0,0
asymmetric_permutation_16mib,grade_sharp,29,netaware,0,0,0,0
asymmetric_permutation_16mib,grade_sharp,47,stor,858,242,0,0
asymmetric_permutation_16mib,grade_sharp,47,netaware,0,0,0,0
asymmetric_permutation_16mib,netaware_default_off,13,stor,0,0,0,0
asymmetric_permutation_16mib,netaware_default_off,13,netaware,1811,815,0,0
asymmetric_permutation_16mib,netaware_default_off,29,stor,0,0,0,0
asymmetric_permutation_16mib,netaware_default_off,29,netaware,1632,755,0,0
asymmetric_permutation_16mib,netaware_default_off,47,stor,0,0,0,0
asymmetric_permutation_16mib,netaware_default_off,47,netaware,1765,797,0,0
asymmetric_permutation_16mib,netaware_equal,13,stor,0,0,0,0
asymmetric_permutation_16mib,netaware_equal,13,netaware,1620,535,0,0
asymmetric_permutation_16mib,netaware_equal,29,stor,0,0,0,0
asymmetric_permutation_16mib,netaware_equal,29,netaware,1500,521,0,0
asymmetric_permutation_16mib,netaware_equal,47,stor,0,0,0,0
asymmetric_permutation_16mib,netaware_equal,47,netaware,1805,567,0,0
asymmetric_permutation_16mib,netaware_gentle,13,stor,0,0,0,0
asymmetric_permutation_16mib,netaware_gentle,13,netaware,947,446,0,0
asymmetric_permutation_16mib,netaware_gentle,29,stor,0,0,0,0
asymmetric_permutation_16mib,netaware_gentle,29,netaware,898,403,0,0
asymmetric_permutation_16mib,netaware_gentle,47,stor,0,0,0,0
asymmetric_permutation_16mib,netaware_gentle,47,netaware,1320,600,0,0
asymmetric_permutation_16mib,netaware_goodcap,13,stor,0,0,0,0
asymmetric_permutation_16mib,netaware_goodcap,13,netaware,1811,815,0,0
asymmetric_permutation_16mib,netaware_goodcap,29,stor,0,0,0,0
asymmetric_permutation_16mib,netaware_goodcap,29,netaware,1632,755,0,0
asymmetric_permutation_16mib,netaware_goodcap,47,stor,0,0,0,0
asymmetric_permutation_16mib,netaware_goodcap,47,netaware,1765,797,0,0
asymmetric_permutation_16mib,netaware_sharp,13,stor,0,0,0,0
asymmetric_permutation_16mib,netaware_sharp,13,netaware,1472,629,0,0
asymmetric_permutation_16mib,netaware_sharp,29,stor,0,0,0,0
asymmetric_permutation_16mib,netaware_sharp,29,netaware,2108,874,0,0
asymmetric_permutation_16mib,netaware_sharp,47,stor,0,0,0,0
asymmetric_permutation_16mib,netaware_sharp,47,netaware,1573,573,0,0
asymmetric_permutation_16mib,nmrc_any_better,13,stor,0,0,0,0
asymmetric_permutation_16mib,nmrc_any_better,13,netaware,0,0,0,0
asymmetric_permutation_16mib,nmrc_any_better,29,stor,0,0,0,0
asymmetric_permutation_16mib,nmrc_any_better,29,netaware,0,0,0,0
asymmetric_permutation_16mib,nmrc_any_better,47,stor,0,0,0,0
asymmetric_permutation_16mib,nmrc_any_better,47,netaware,0,0,0,0
asymmetric_permutation_16mib,nmrc_better_ge3,13,stor,0,0,0,0
asymmetric_permutation_16mib,nmrc_better_ge3,13,netaware,0,0,0,0
asymmetric_permutation_16mib,nmrc_better_ge3,29,stor,0,0,0,0
asymmetric_permutation_16mib,nmrc_better_ge3,29,netaware,0,0,0,0
asymmetric_permutation_16mib,nmrc_better_ge3,47,stor,0,0,0,0
asymmetric_permutation_16mib,nmrc_better_ge3,47,netaware,0,0,0,0
full_global_p16_256mib_background_off,avail_ecn_only,13,stor,378508,189254,91,3135
full_global_p16_256mib_background_off,avail_ecn_only,13,netaware,0,0,0,0
full_global_p16_256mib_background_off,avail_ecn_only,29,stor,376012,188004,101,3385
full_global_p16_256mib_background_off,avail_ecn_only,29,netaware,0,0,0,0
full_global_p16_256mib_background_off,avail_ecn_only,47,stor,388686,194343,128,6606
full_global_p16_256mib_background_off,avail_ecn_only,47,netaware,0,0,0,0
full_global_p16_256mib_background_off,avail_hybrid,13,stor,408499,204249,490,16462
full_global_p16_256mib_background_off,avail_hybrid,13,netaware,0,0,0,0
full_global_p16_256mib_background_off,avail_hybrid,29,stor,412847,206422,378,11123
full_global_p16_256mib_background_off,avail_hybrid,29,netaware,0,0,0,0
full_global_p16_256mib_background_off,avail_hybrid,47,stor,411062,205531,700,29675
full_global_p16_256mib_background_off,avail_hybrid,47,netaware,0,0,0,0
full_global_p16_256mib_background_off,avail_packet,13,stor,512358,256179,1466,65137
full_global_p16_256mib_background_off,avail_packet,13,netaware,0,0,0,0
full_global_p16_256mib_background_off,avail_packet,29,stor,474457,237223,1090,47916
full_global_p16_256mib_background_off,avail_packet,29,netaware,0,0,0,0
full_global_p16_256mib_background_off,avail_packet,47,stor,511899,255948,1353,65115
full_global_p16_256mib_background_off,avail_packet,47,netaware,0,0,0,0
full_global_p16_256mib_background_off,avail_time,13,stor,512358,256179,1466,65137
full_global_p16_256mib_background_off,avail_time,13,netaware,0,0,0,0
full_global_p16_256mib_background_off,avail_time,29,stor,474457,237223,1090,47916
full_global_p16_256mib_background_off,avail_time,29,netaware,0,0,0,0
full_global_p16_256mib_background_off,avail_time,47,stor,511899,255948,1353,65115
full_global_p16_256mib_background_off,avail_time,47,netaware,0,0,0,0
full_global_p16_256mib_background_off,grade_conservative,13,stor,388437,147540,215,5568
full_global_p16_256mib_background_off,grade_conservative,13,netaware,0,0,0,0
full_global_p16_256mib_background_off,grade_conservative,29,stor,351335,133754,226,10414
full_global_p16_256mib_background_off,grade_conservative,29,netaware,0,0,0,0
full_global_p16_256mib_background_off,grade_conservative,47,stor,340395,127584,270,7401
full_global_p16_256mib_background_off,grade_conservative,47,netaware,0,0,0,0
full_global_p16_256mib_background_off,grade_default,13,stor,461971,137403,5709,172556
full_global_p16_256mib_background_off,grade_default,13,netaware,0,0,0,0
full_global_p16_256mib_background_off,grade_default,29,stor,464076,137389,5950,177658
full_global_p16_256mib_background_off,grade_default,29,netaware,0,0,0,0
full_global_p16_256mib_background_off,grade_default,47,stor,462282,137161,5797,173504
full_global_p16_256mib_background_off,grade_default,47,netaware,0,0,0,0
full_global_p16_256mib_background_off,grade_equal,13,stor,448391,150062,4928,163218
full_global_p16_256mib_background_off,grade_equal,13,netaware,0,0,0,0
full_global_p16_256mib_background_off,grade_equal,29,stor,438210,144928,5034,162913
full_global_p16_256mib_background_off,grade_equal,29,netaware,0,0,0,0
full_global_p16_256mib_background_off,grade_equal,47,stor,453124,150754,5109,170387
full_global_p16_256mib_background_off,grade_equal,47,netaware,0,0,0,0
full_global_p16_256mib_background_off,grade_gentle,13,stor,452877,140826,5315,161909
full_global_p16_256mib_background_off,grade_gentle,13,netaware,0,0,0,0
full_global_p16_256mib_background_off,grade_gentle,29,stor,459305,143507,5544,168869
full_global_p16_256mib_background_off,grade_gentle,29,netaware,0,0,0,0
full_global_p16_256mib_background_off,grade_gentle,47,stor,460233,142764,5523,172969
full_global_p16_256mib_background_off,grade_gentle,47,netaware,0,0,0,0
full_global_p16_256mib_background_off,grade_sensitive,13,stor,424536,129601,183,4269
full_global_p16_256mib_background_off,grade_sensitive,13,netaware,0,0,0,0
full_global_p16_256mib_background_off,grade_sensitive,29,stor,406054,125819,174,3874
full_global_p16_256mib_background_off,grade_sensitive,29,netaware,0,0,0,0
full_global_p16_256mib_background_off,grade_sensitive,47,stor,409360,126002,161,3153
full_global_p16_256mib_background_off,grade_sensitive,47,netaware,0,0,0,0
full_global_p16_256mib_background_off,grade_sharp,13,stor,457664,133047,5915,172483
full_global_p16_256mib_background_off,grade_sharp,13,netaware,0,0,0,0
full_global_p16_256mib_background_off,grade_sharp,29,stor,464798,136316,6140,182588
full_global_p16_256mib_background_off,grade_sharp,29,netaware,0,0,0,0
full_global_p16_256mib_background_off,grade_sharp,47,stor,458766,134038,5788,174569
full_global_p16_256mib_background_off,grade_sharp,47,netaware,0,0,0,0
full_global_p16_256mib_background_off,netaware_default_off,13,stor,0,0,0,0
full_global_p16_256mib_background_off,netaware_default_off,13,netaware,582812,253129,49,1635
full_global_p16_256mib_background_off,netaware_default_off,29,stor,0,0,0,0
full_global_p16_256mib_background_off,netaware_default_off,29,netaware,647718,281900,43,1015
full_global_p16_256mib_background_off,netaware_default_off,47,stor,0,0,0,0
full_global_p16_256mib_background_off,netaware_default_off,47,netaware,669458,291063,52,1231
full_global_p16_256mib_background_off,netaware_equal,13,stor,0,0,0,0
full_global_p16_256mib_background_off,netaware_equal,13,netaware,346965,145434,272,23123
full_global_p16_256mib_background_off,netaware_equal,29,stor,0,0,0,0
full_global_p16_256mib_background_off,netaware_equal,29,netaware,412239,175779,225,6320
full_global_p16_256mib_background_off,netaware_equal,47,stor,0,0,0,0
full_global_p16_256mib_background_off,netaware_equal,47,netaware,392509,165918,275,17257
full_global_p16_256mib_background_off,netaware_gentle,13,stor,0,0,0,0
full_global_p16_256mib_background_off,netaware_gentle,13,netaware,498068,214786,194,6186
full_global_p16_256mib_background_off,netaware_gentle,29,stor,0,0,0,0
full_global_p16_256mib_background_off,netaware_gentle,29,netaware,460150,199598,93,3652
full_global_p16_256mib_background_off,netaware_gentle,47,stor,0,0,0,0
full_global_p16_256mib_background_off,netaware_gentle,47,netaware,450216,193677,145,7193
full_global_p16_256mib_background_off,netaware_goodcap,13,stor,0,0,0,0
full_global_p16_256mib_background_off,netaware_goodcap,13,netaware,420362,197706,82,2157
full_global_p16_256mib_background_off,netaware_goodcap,29,stor,0,0,0,0
full_global_p16_256mib_background_off,netaware_goodcap,29,netaware,535235,252274,180,6547
full_global_p16_256mib_background_off,netaware_goodcap,47,stor,0,0,0,0
full_global_p16_256mib_background_off,netaware_goodcap,47,netaware,420620,198225,84,2913
full_global_p16_256mib_background_off,netaware_sharp,13,stor,0,0,0,0
full_global_p16_256mib_background_off,netaware_sharp,13,netaware,722743,321281,16,284
full_global_p16_256mib_background_off,netaware_sharp,29,stor,0,0,0,0
full_global_p16_256mib_background_off,netaware_sharp,29,netaware,680006,301773,10,281
full_global_p16_256mib_background_off,netaware_sharp,47,stor,0,0,0,0
full_global_p16_256mib_background_off,netaware_sharp,47,netaware,680020,300594,26,720
full_global_p4_64mib_background_off,avail_ecn_only,13,stor,57496,28748,197,10333
full_global_p4_64mib_background_off,avail_ecn_only,13,netaware,0,0,0,0
full_global_p4_64mib_background_off,avail_ecn_only,29,stor,64908,32454,240,13476
full_global_p4_64mib_background_off,avail_ecn_only,29,netaware,0,0,0,0
full_global_p4_64mib_background_off,avail_ecn_only,47,stor,60132,30066,204,10830
full_global_p4_64mib_background_off,avail_ecn_only,47,netaware,0,0,0,0
full_global_p4_64mib_background_off,avail_hybrid,13,stor,127456,63724,726,25481
full_global_p4_64mib_background_off,avail_hybrid,13,netaware,0,0,0,0
full_global_p4_64mib_background_off,avail_hybrid,29,stor,126712,63356,606,20185
full_global_p4_64mib_background_off,avail_hybrid,29,netaware,0,0,0,0
full_global_p4_64mib_background_off,avail_hybrid,47,stor,125454,62726,615,21877
full_global_p4_64mib_background_off,avail_hybrid,47,netaware,0,0,0,0
full_global_p4_64mib_background_off,avail_packet,13,stor,135846,67918,1749,79139
full_global_p4_64mib_background_off,avail_packet,13,netaware,0,0,0,0
full_global_p4_64mib_background_off,avail_packet,29,stor,138458,69228,1753,77952
full_global_p4_64mib_background_off,avail_packet,29,netaware,0,0,0,0
full_global_p4_64mib_background_off,avail_packet,47,stor,133995,66993,1537,74265
full_global_p4_64mib_background_off,avail_packet,47,netaware,0,0,0,0
full_global_p4_64mib_background_off,avail_time,13,stor,135846,67918,1749,79139
full_global_p4_64mib_background_off,avail_time,13,netaware,0,0,0,0
full_global_p4_64mib_background_off,avail_time,29,stor,138458,69228,1753,77952
full_global_p4_64mib_background_off,avail_time,29,netaware,0,0,0,0
full_global_p4_64mib_background_off,avail_time,47,stor,133995,66993,1537,74265
full_global_p4_64mib_background_off,avail_time,47,netaware,0,0,0,0
full_global_p4_64mib_background_off,grade_conservative,13,stor,110138,42202,224,6608
full_global_p4_64mib_background_off,grade_conservative,13,netaware,0,0,0,0
full_global_p4_64mib_background_off,grade_conservative,29,stor,111493,41645,258,8352
full_global_p4_64mib_background_off,grade_conservative,29,netaware,0,0,0,0
full_global_p4_64mib_background_off,grade_conservative,47,stor,109043,41094,270,8152
full_global_p4_64mib_background_off,grade_conservative,47,netaware,0,0,0,0
full_global_p4_64mib_background_off,grade_default,13,stor,104433,35660,2048,113413
full_global_p4_64mib_background_off,grade_default,13,netaware,0,0,0,0
full_global_p4_64mib_background_off,grade_default,29,stor,104715,35780,1980,108667
full_global_p4_64mib_background_off,grade_default,29,netaware,0,0,0,0
full_global_p4_64mib_background_off,grade_default,47,stor,105620,35668,1905,111659
full_global_p4_64mib_background_off,grade_default,47,netaware,0,0,0,0
full_global_p4_64mib_background_off,grade_equal,13,stor,106371,37761,1727,98181
full_global_p4_64mib_background_off,grade_equal,13,netaware,0,0,0,0
full_global_p4_64mib_background_off,grade_equal,29,stor,107859,38524,1929,108165
full_global_p4_64mib_background_off,grade_equal,29,netaware,0,0,0,0
full_global_p4_64mib_background_off,grade_equal,47,stor,111010,39774,1844,109189
full_global_p4_64mib_background_off,grade_equal,47,netaware,0,0,0,0
full_global_p4_64mib_background_off,grade_gentle,13,stor,109714,38631,1910,107483
full_global_p4_64mib_background_off,grade_gentle,13,netaware,0,0,0,0
full_global_p4_64mib_background_off,grade_gentle,29,stor,107738,37343,1905,110125
full_global_p4_64mib_background_off,grade_gentle,29,netaware,0,0,0,0
full_global_p4_64mib_background_off,grade_gentle,47,stor,108158,37710,1885,105313
full_global_p4_64mib_background_off,grade_gentle,47,netaware,0,0,0,0
full_global_p4_64mib_background_off,grade_sensitive,13,stor,122547,38624,229,6588
full_global_p4_64mib_background_off,grade_sensitive,13,netaware,0,0,0,0
full_global_p4_64mib_background_off,grade_sensitive,29,stor,132776,42922,208,7084
full_global_p4_64mib_background_off,grade_sensitive,29,netaware,0,0,0,0
full_global_p4_64mib_background_off,grade_sensitive,47,stor,117699,37329,182,5505
full_global_p4_64mib_background_off,grade_sensitive,47,netaware,0,0,0,0
full_global_p4_64mib_background_off,grade_sharp,13,stor,103110,35073,1892,104125
full_global_p4_64mib_background_off,grade_sharp,13,netaware,0,0,0,0
full_global_p4_64mib_background_off,grade_sharp,29,stor,105579,35844,1965,108421
full_global_p4_64mib_background_off,grade_sharp,29,netaware,0,0,0,0
full_global_p4_64mib_background_off,grade_sharp,47,stor,102321,34768,2100,115442
full_global_p4_64mib_background_off,grade_sharp,47,netaware,0,0,0,0
standard_websearch_proxy_80pct,avail_ecn_only,13,stor,22934,11467,60,3213
standard_websearch_proxy_80pct,avail_ecn_only,13,netaware,0,0,0,0
standard_websearch_proxy_80pct,avail_ecn_only,29,stor,15420,7710,32,1275
standard_websearch_proxy_80pct,avail_ecn_only,29,netaware,0,0,0,0
standard_websearch_proxy_80pct,avail_ecn_only,47,stor,19481,9738,38,2078
standard_websearch_proxy_80pct,avail_ecn_only,47,netaware,0,0,0,0
standard_websearch_proxy_80pct,avail_hybrid,13,stor,343334,171667,562,14415
standard_websearch_proxy_80pct,avail_hybrid,13,netaware,0,0,0,0
standard_websearch_proxy_80pct,avail_hybrid,29,stor,304292,152146,567,13655
standard_websearch_proxy_80pct,avail_hybrid,29,netaware,0,0,0,0
standard_websearch_proxy_80pct,avail_hybrid,47,stor,310273,155135,558,13155
standard_websearch_proxy_80pct,avail_hybrid,47,netaware,0,0,0,0
standard_websearch_proxy_80pct,avail_packet,13,stor,495387,247693,2982,136156
standard_websearch_proxy_80pct,avail_packet,13,netaware,0,0,0,0
standard_websearch_proxy_80pct,avail_packet,29,stor,443282,221640,2854,127229
standard_websearch_proxy_80pct,avail_packet,29,netaware,0,0,0,0
standard_websearch_proxy_80pct,avail_packet,47,stor,448903,224451,2905,134108
standard_websearch_proxy_80pct,avail_packet,47,netaware,0,0,0,0
standard_websearch_proxy_80pct,avail_time,13,stor,495387,247693,2982,136156
standard_websearch_proxy_80pct,avail_time,13,netaware,0,0,0,0
standard_websearch_proxy_80pct,avail_time,29,stor,443282,221640,2854,127229
standard_websearch_proxy_80pct,avail_time,29,netaware,0,0,0,0
standard_websearch_proxy_80pct,avail_time,47,stor,448903,224451,2905,134108
standard_websearch_proxy_80pct,avail_time,47,netaware,0,0,0,0
standard_websearch_proxy_80pct,grade_conservative,13,stor,126752,52521,16,333
standard_websearch_proxy_80pct,grade_conservative,13,netaware,0,0,0,0
standard_websearch_proxy_80pct,grade_conservative,29,stor,108480,44993,16,280
standard_websearch_proxy_80pct,grade_conservative,29,netaware,0,0,0,0
standard_websearch_proxy_80pct,grade_conservative,47,stor,112998,46536,14,290
standard_websearch_proxy_80pct,grade_conservative,47,netaware,0,0,0,0
standard_websearch_proxy_80pct,grade_default,13,stor,389913,156051,89,2427
standard_websearch_proxy_80pct,grade_default,13,netaware,0,0,0,0
standard_websearch_proxy_80pct,grade_default,29,stor,348042,139481,90,2674
standard_websearch_proxy_80pct,grade_default,29,netaware,0,0,0,0
standard_websearch_proxy_80pct,grade_default,47,stor,357971,142924,89,2467
standard_websearch_proxy_80pct,grade_default,47,netaware,0,0,0,0
standard_websearch_proxy_80pct,grade_equal,13,stor,369094,152656,72,2515
standard_websearch_proxy_80pct,grade_equal,13,netaware,0,0,0,0
standard_websearch_proxy_80pct,grade_equal,29,stor,328722,136252,53,1662
standard_websearch_proxy_80pct,grade_equal,29,netaware,0,0,0,0
standard_websearch_proxy_80pct,grade_equal,47,stor,337834,140277,53,1758
standard_websearch_proxy_80pct,grade_equal,47,netaware,0,0,0,0
standard_websearch_proxy_80pct,grade_gentle,13,stor,376072,153855,86,2699
standard_websearch_proxy_80pct,grade_gentle,13,netaware,0,0,0,0
standard_websearch_proxy_80pct,grade_gentle,29,stor,336405,137701,67,2178
standard_websearch_proxy_80pct,grade_gentle,29,netaware,0,0,0,0
standard_websearch_proxy_80pct,grade_gentle,47,stor,343120,139908,71,2233
standard_websearch_proxy_80pct,grade_gentle,47,netaware,0,0,0,0
standard_websearch_proxy_80pct,grade_sensitive,13,stor,168183,60360,16,287
standard_websearch_proxy_80pct,grade_sensitive,13,netaware,0,0,0,0
standard_websearch_proxy_80pct,grade_sensitive,29,stor,143197,51501,8,130
standard_websearch_proxy_80pct,grade_sensitive,29,netaware,0,0,0,0
standard_websearch_proxy_80pct,grade_sensitive,47,stor,146673,52456,12,251
standard_websearch_proxy_80pct,grade_sensitive,47,netaware,0,0,0,0
standard_websearch_proxy_80pct,grade_sharp,13,stor,426904,162258,214,4905
standard_websearch_proxy_80pct,grade_sharp,13,netaware,0,0,0,0
standard_websearch_proxy_80pct,grade_sharp,29,stor,366561,142351,122,3614
standard_websearch_proxy_80pct,grade_sharp,29,netaware,0,0,0,0
standard_websearch_proxy_80pct,grade_sharp,47,stor,372944,145022,111,2490
standard_websearch_proxy_80pct,grade_sharp,47,netaware,0,0,0,0
standard_websearch_proxy_80pct,netaware_default_off,13,stor,0,0,0,0
standard_websearch_proxy_80pct,netaware_default_off,13,netaware,34272,16391,0,0
standard_websearch_proxy_80pct,netaware_default_off,29,stor,0,0,0,0
standard_websearch_proxy_80pct,netaware_default_off,29,netaware,22493,10905,0,0
standard_websearch_proxy_80pct,netaware_default_off,47,stor,0,0,0,0
standard_websearch_proxy_80pct,netaware_default_off,47,netaware,21333,10204,0,0
standard_websearch_proxy_80pct,netaware_equal,13,stor,0,0,0,0
standard_websearch_proxy_80pct,netaware_equal,13,netaware,25731,12205,0,0
standard_websearch_proxy_80pct,netaware_equal,29,stor,0,0,0,0
standard_websearch_proxy_80pct,netaware_equal,29,netaware,15036,7329,0,0
standard_websearch_proxy_80pct,netaware_equal,47,stor,0,0,0,0
standard_websearch_proxy_80pct,netaware_equal,47,netaware,18815,9176,0,0
standard_websearch_proxy_80pct,netaware_gentle,13,stor,0,0,0,0
standard_websearch_proxy_80pct,netaware_gentle,13,netaware,27201,13056,0,0
standard_websearch_proxy_80pct,netaware_gentle,29,stor,0,0,0,0
standard_websearch_proxy_80pct,netaware_gentle,29,netaware,19930,9906,0,0
standard_websearch_proxy_80pct,netaware_gentle,47,stor,0,0,0,0
standard_websearch_proxy_80pct,netaware_gentle,47,netaware,20376,10079,0,0
standard_websearch_proxy_80pct,netaware_goodcap,13,stor,0,0,0,0
standard_websearch_proxy_80pct,netaware_goodcap,13,netaware,29604,14394,0,0
standard_websearch_proxy_80pct,netaware_goodcap,29,stor,0,0,0,0
standard_websearch_proxy_80pct,netaware_goodcap,29,netaware,23102,11152,0,0
standard_websearch_proxy_80pct,netaware_goodcap,47,stor,0,0,0,0
standard_websearch_proxy_80pct,netaware_goodcap,47,netaware,21999,10793,0,0
standard_websearch_proxy_80pct,netaware_sharp,13,stor,0,0,0,0
standard_websearch_proxy_80pct,netaware_sharp,13,netaware,43258,20364,0,0
standard_websearch_proxy_80pct,netaware_sharp,29,stor,0,0,0,0
standard_websearch_proxy_80pct,netaware_sharp,29,netaware,32448,15325,0,0
standard_websearch_proxy_80pct,netaware_sharp,47,stor,0,0,0,0
standard_websearch_proxy_80pct,netaware_sharp,47,netaware,27866,13055,0,0
