identity,experiment,scenario,family,scheme,seed,traffic,load_pct,parallel,active_evs,degraded,background,nodes,paths,connections,returncode,config_ok,parse_error,valid,runtime_s,traffic_sha256,sim_sha256,command_sha256,fingerprint
active_ev_count:exp3_asymmetric_websearch_40pct_k2:mrc:seed13,active_ev_count,exp3_asymmetric_websearch_40pct_k2,asymmetric_websearch,mrc,13,websearch,40,0,2,True,False,128,8,14748,0,1,,1,267.84669948300143,9b6775fe3d6129ade29794a72fc06ef31133b75b7a6c45d461364c3eacecaeca,49442a2573670bb21dd5d782d821b0bbecf09940c1813758f000c79a853964da,3e3456e30e5b15ce39396e6212466020f1885f5f87d52eacfd992322d99b40c2,5d53ee7d3d40e54e2c1c864d1164f72e8a0c1d61ec6a09ca1044900312b5c455
active_ev_count:exp3_asymmetric_websearch_40pct_k2:mrc:seed29,active_ev_count,exp3_asymmetric_websearch_40pct_k2,asymmetric_websearch,mrc,29,websearch,40,0,2,True,False,128,8,14198,0,1,,1,253.80810889699933,5087f83602014cbabc5ac8a7f1ba7ab5dbaa26255c67bdfdb6dc2818389f6899,49442a2573670bb21dd5d782d821b0bbecf09940c1813758f000c79a853964da,c91233feafacc90a886663486a018a90586d60de527450970a761be374238035,28c783eb130e773196c76b89976bc75441e44a67206c99547cb5534f93c8ac22
active_ev_count:exp3_asymmetric_websearch_40pct_k2:mrc:seed47,active_ev_count,exp3_asymmetric_websearch_40pct_k2,asymmetric_websearch,mrc,47,websearch,40,0,2,True,False,128,8,14511,0,1,,1,253.42038237300585,469bb3de688335bd6cf281bca6793febbbfddbdb672477a4587eb04a262464bf,49442a2573670bb21dd5d782d821b0bbecf09940c1813758f000c79a853964da,c5ea9fa56843cfe2328e37c73581b28b9d306b8757dcf9b3e21448d38b1c859d,9138c4cb52593c146bffd48c0bcf263eef0d22c7b9a6f1081d362056f2a73575
active_ev_count:exp3_asymmetric_websearch_40pct_k2:rr:seed13,active_ev_count,exp3_asymmetric_websearch_40pct_k2,asymmetric_websearch,rr,13,websearch,40,0,2,True,False,128,8,14748,0,1,,1,174.6339776609966,9b6775fe3d6129ade29794a72fc06ef31133b75b7a6c45d461364c3eacecaeca,49442a2573670bb21dd5d782d821b0bbecf09940c1813758f000c79a853964da,3b28b3bff8baedbabec5842c69aab7cf108bbc0407e661a5c8935193cfd118d5,e76dc8274b5fbc3a2f007e5d976ce0fb9a22417e440df9642e23e8e173751403
active_ev_count:exp3_asymmetric_websearch_40pct_k2:rr:seed29,active_ev_count,exp3_asymmetric_websearch_40pct_k2,asymmetric_websearch,rr,29,websearch,40,0,2,True,False,128,8,14198,0,1,,1,163.2952428589997,5087f83602014cbabc5ac8a7f1ba7ab5dbaa26255c67bdfdb6dc2818389f6899,49442a2573670bb21dd5d782d821b0bbecf09940c1813758f000c79a853964da,489ac517b7da778f3cbf34ddf96c6a5311847f208fd476b3f346d78b860ce2e4,3a1b3ae9b80489d40157e8ee9155cac6e8dba27890acee52fa42e39a6c1f223f
active_ev_count:exp3_asymmetric_websearch_40pct_k2:rr:seed47,active_ev_count,exp3_asymmetric_websearch_40pct_k2,asymmetric_websearch,rr,47,websearch,40,0,2,True,False,128,8,14511,0,1,,1,186.2955066689974,469bb3de688335bd6cf281bca6793febbbfddbdb672477a4587eb04a262464bf,49442a2573670bb21dd5d782d821b0bbecf09940c1813758f000c79a853964da,ae72a5807b264e6086c797931730fcc79139f7f5b143b816a2803f32afb29293,d8fd0b2fa7687a888df1a45cba1a8a821c43e76b2ecb866b9ee6a683cc1466b9
active_ev_count:exp3_asymmetric_websearch_40pct_k4:mrc:seed13,active_ev_count,exp3_asymmetric_websearch_40pct_k4,asymmetric_websearch,mrc,13,websearch,40,0,4,True,False,128,8,14748,0,1,,1,253.32994181800314,9b6775fe3d6129ade29794a72fc06ef31133b75b7a6c45d461364c3eacecaeca,49442a2573670bb21dd5d782d821b0bbecf09940c1813758f000c79a853964da,14ddda763f8fd11d63f341462a93dab0817114f4e20f03fc07da3a55f52159ae,fe3309c4a7c67bffeeeff092e1fbbc2071fdce1ac04af1b98936754984dc041e
active_ev_count:exp3_asymmetric_websearch_40pct_k4:mrc:seed29,active_ev_count,exp3_asymmetric_websearch_40pct_k4,asymmetric_websearch,mrc,29,websearch,40,0,4,True,False,128,8,14198,0,1,,1,182.02424054699804,5087f83602014cbabc5ac8a7f1ba7ab5dbaa26255c67bdfdb6dc2818389f6899,49442a2573670bb21dd5d782d821b0bbecf09940c1813758f000c79a853964da,1f2ce679d95e02eb550f8c8456e0395c638c26a93008e519218c9e7b1fab92f9,dd20dc528d5525e8294b4a233943e29a74d3cf10d200de828715481ec5053150
active_ev_count:exp3_asymmetric_websearch_40pct_k4:mrc:seed47,active_ev_count,exp3_asymmetric_websearch_40pct_k4,asymmetric_websearch,mrc,47,websearch,40,0,4,True,False,128,8,14511,0,1,,1,177.25346360300318,469bb3de688335bd6cf281bca6793febbbfddbdb672477a4587eb04a262464bf,49442a2573670bb21dd5d782d821b0bbecf09940c1813758f000c79a853964da,eef4a02113767977299d21024d798335c8d52c85a8de0c44caaa838385af4066,1fcb64440d1f4584a4fb77f0ccfe2b6645483ca30b5d05124afd46acb0345f76
active_ev_count:exp3_asymmetric_websearch_40pct_k4:rr:seed13,active_ev_count,exp3_asymmetric_websearch_40pct_k4,asymmetric_websearch,rr,13,websearch,40,0,4,True,False,128,8,14748,0,1,,1,190.30747191700357,9b6775fe3d6129ade29794a72fc06ef31133b75b7a6c45d461364c3eacecaeca,49442a2573670bb21dd5d782d821b0bbecf09940c1813758f000c79a853964da,3ac3cfe84c7c605593a170a4b2fcd92b091a1cb168769dbcc87a41704afde7fc,571adfb847308acb3fdb394b3743fda99b78bd1442f680fd1c8a5b06aa088a63
active_ev_count:exp3_asymmetric_websearch_40pct_k4:rr:seed29,active_ev_count,exp3_asymmetric_websearch_40pct_k4,asymmetric_websearch,rr,29,websearch,40,0,4,True,False,128,8,14198,0,1,,1,139.28303051100374,5087f83602014cbabc5ac8a7f1ba7ab5dbaa26255c67bdfdb6dc2818389f6899,49442a2573670bb21dd5d782d821b0bbecf09940c1813758f000c79a853964da,8e9b01a33f6e5ed264bf26e01309d7f6e59ad050d5d6ea5864eb441c7acce651,0bfa7de4cc8849f5c3698d78afe4dd22e1a75d8ebec6bcd60a3675579559d848
active_ev_count:exp3_asymmetric_websearch_40pct_k4:rr:seed47,active_ev_count,exp3_asymmetric_websearch_40pct_k4,asymmetric_websearch,rr,47,websearch,40,0,4,True,False,128,8,14511,0,1,,1,128.76570619900303,469bb3de688335bd6cf281bca6793febbbfddbdb672477a4587eb04a262464bf,49442a2573670bb21dd5d782d821b0bbecf09940c1813758f000c79a853964da,75f22312e9718ed71feddbbb268d69139b57464661fcee5f49fcebea72c4c968,95e67442c1157582c6a4b197cc391ef58f18eb231f4f88e0f30edc062df1e69a
active_ev_count:exp3_asymmetric_websearch_40pct_k8:mrc:seed13,active_ev_count,exp3_asymmetric_websearch_40pct_k8,asymmetric_websearch,mrc,13,websearch,40,0,8,True,False,128,8,14748,0,1,,1,200.82782396699622,9b6775fe3d6129ade29794a72fc06ef31133b75b7a6c45d461364c3eacecaeca,49442a2573670bb21dd5d782d821b0bbecf09940c1813758f000c79a853964da,d527d08e4c53c48cae30a698dafc7ca54aa3ab396393d8a446e88429477ce28f,b74043096d90e4b243a636b08bc635fb0bfa263afc10786e9fbdd6952e413a43
active_ev_count:exp3_asymmetric_websearch_40pct_k8:mrc:seed29,active_ev_count,exp3_asymmetric_websearch_40pct_k8,asymmetric_websearch,mrc,29,websearch,40,0,8,True,False,128,8,14198,0,1,,1,183.76942356299696,5087f83602014cbabc5ac8a7f1ba7ab5dbaa26255c67bdfdb6dc2818389f6899,49442a2573670bb21dd5d782d821b0bbecf09940c1813758f000c79a853964da,6af76a9e331745b8fae7547e62101bca44f226a83f7022acbd22f3dcae90b9df,6b220b94ff9df0c51b2f7036c2f89c97396468414b30e7e507a86434b854fd32
active_ev_count:exp3_asymmetric_websearch_40pct_k8:mrc:seed47,active_ev_count,exp3_asymmetric_websearch_40pct_k8,asymmetric_websearch,mrc,47,websearch,40,0,8,True,False,128,8,14511,0,1,,1,189.75044866400276,469bb3de688335bd6cf281bca6793febbbfddbdb672477a4587eb04a262464bf,49442a2573670bb21dd5d782d821b0bbecf09940c1813758f000c79a853964da,c76367aa1316990ff8bcd7debde429daece6a56bf909735825d77ff766ada243,9b4627500ccb5d53786b8ecef3ce485046fda488865034ee20e7ae288191ab76
active_ev_count:exp3_asymmetric_websearch_40pct_k8:rr:seed13,active_ev_count,exp3_asymmetric_websearch_40pct_k8,asymmetric_websearch,rr,13,websearch,40,0,8,True,False,128,8,14748,0,1,,1,140.24710177400266,9b6775fe3d6129ade29794a72fc06ef31133b75b7a6c45d461364c3eacecaeca,49442a2573670bb21dd5d782d821b0bbecf09940c1813758f000c79a853964da,f1866f8faa4b25269b6f61000d68ff2918bfa925c7781f686ad64cc8446862e6,f8ab3800191db9e92665c9f5dbd189d8c43dde5abe50d3afd051ee6f1bc7e4a1
active_ev_count:exp3_asymmetric_websearch_40pct_k8:rr:seed29,active_ev_count,exp3_asymmetric_websearch_40pct_k8,asymmetric_websearch,rr,29,websearch,40,0,8,True,False,128,8,14198,0,1,,1,136.24682882499474,5087f83602014cbabc5ac8a7f1ba7ab5dbaa26255c67bdfdb6dc2818389f6899,49442a2573670bb21dd5d782d821b0bbecf09940c1813758f000c79a853964da,225094e258ceb8ddc564226a916c92e768f8135026e4d4086b1e31f0eace3ab4,be3dd37ff34877bd32dce28b6e2e5fbfde22b22e74b3600b6b4e8e7d2c15e070
active_ev_count:exp3_asymmetric_websearch_40pct_k8:rr:seed47,active_ev_count,exp3_asymmetric_websearch_40pct_k8,asymmetric_websearch,rr,47,websearch,40,0,8,True,False,128,8,14511,0,1,,1,132.95629282500158,469bb3de688335bd6cf281bca6793febbbfddbdb672477a4587eb04a262464bf,49442a2573670bb21dd5d782d821b0bbecf09940c1813758f000c79a853964da,84c7ee99d207280f5eee8bb9d1acb52bee957bc9af4a56954ed39b68d30cc0c0,39f22b0864cf4ba72627b101be04fbe9e65ae9b8f065fa07729020efbd357859
active_ev_count:exp3_asymmetric_websearch_80pct_k2:mrc:seed13,active_ev_count,exp3_asymmetric_websearch_80pct_k2,asymmetric_websearch,mrc,13,websearch,80,0,2,True,False,128,8,29191,0,1,,1,597.4961136860002,008da4ad9615dce108cb046b2ccd82a5a1fad0be6f1ecb7a6c61e55710bd6903,49442a2573670bb21dd5d782d821b0bbecf09940c1813758f000c79a853964da,eedf14985e8c20e9eb14cec0a10e9f11b95f6c474f57adc4ee6a78c7b897875a,3ba9ec0efa05fb14b25c86a0944267444b53176781b1097a3040e452784748ca
active_ev_count:exp3_asymmetric_websearch_80pct_k2:mrc:seed29,active_ev_count,exp3_asymmetric_websearch_80pct_k2,asymmetric_websearch,mrc,29,websearch,80,0,2,True,False,128,8,28640,0,1,,1,557.1323667679972,5a935a2ff8c749623d9636104a3ad440fb71895f25f2bbf4112c51a2cd84228a,49442a2573670bb21dd5d782d821b0bbecf09940c1813758f000c79a853964da,138adc66cc0f8dd05ea8951f98c5dc50139e1ffdc53f01436d6e98a3d79dcb3c,0e2011251f33491829d5a34ee3475a3a46564eae234d4a3557bfcec3bb047f80
active_ev_count:exp3_asymmetric_websearch_80pct_k2:mrc:seed47,active_ev_count,exp3_asymmetric_websearch_80pct_k2,asymmetric_websearch,mrc,47,websearch,80,0,2,True,False,128,8,29117,0,1,,1,539.3058845720007,1fe6ddb58d688341f9c040d00d3e1925526a70a23b438c897191a7cccf76159f,49442a2573670bb21dd5d782d821b0bbecf09940c1813758f000c79a853964da,5f0925ed43d6e89ddb26f49cbbb0579538207ac91b6693b66cfc74c8ecc14205,57dbf44e5882c41701054e6308662fd176f32aeaed0d51d500613a10dbe1857c
active_ev_count:exp3_asymmetric_websearch_80pct_k2:rr:seed13,active_ev_count,exp3_asymmetric_websearch_80pct_k2,asymmetric_websearch,rr,13,websearch,80,0,2,True,False,128,8,29191,0,1,,1,416.2857221680024,008da4ad9615dce108cb046b2ccd82a5a1fad0be6f1ecb7a6c61e55710bd6903,49442a2573670bb21dd5d782d821b0bbecf09940c1813758f000c79a853964da,9a67f68b8b4971659716fc09e8101be644814414b07e90c6e03b6fb88478622f,d24f3cee0835a022dd41ec4053d42293c283cf7070921b1ba78252ae5f2eab3f
active_ev_count:exp3_asymmetric_websearch_80pct_k2:rr:seed29,active_ev_count,exp3_asymmetric_websearch_80pct_k2,asymmetric_websearch,rr,29,websearch,80,0,2,True,False,128,8,28640,0,1,,1,420.21736170099757,5a935a2ff8c749623d9636104a3ad440fb71895f25f2bbf4112c51a2cd84228a,49442a2573670bb21dd5d782d821b0bbecf09940c1813758f000c79a853964da,bb2e7553739134d7dc5e75c7693e9d96b6f5b42c6f578beb69bceac8ead0bdf6,bb4d7905caf5bdb22fc54fa503c662e1fd7251b154df5ca014794ae69468d50a
active_ev_count:exp3_asymmetric_websearch_80pct_k2:rr:seed47,active_ev_count,exp3_asymmetric_websearch_80pct_k2,asymmetric_websearch,rr,47,websearch,80,0,2,True,False,128,8,29117,0,1,,1,394.12916823300475,1fe6ddb58d688341f9c040d00d3e1925526a70a23b438c897191a7cccf76159f,49442a2573670bb21dd5d782d821b0bbecf09940c1813758f000c79a853964da,81aef4d8ce832c43ff382a13e2d6e756c753ff152dc13bdd7027d5746996d46d,9be58b217d4dbc9e79bc777740141057c91fda17d6d5d27735d8f42919357c27
active_ev_count:exp3_asymmetric_websearch_80pct_k4:mrc:seed13,active_ev_count,exp3_asymmetric_websearch_80pct_k4,asymmetric_websearch,mrc,13,websearch,80,0,4,True,False,128,8,29191,0,1,,1,569.0178757350004,008da4ad9615dce108cb046b2ccd82a5a1fad0be6f1ecb7a6c61e55710bd6903,49442a2573670bb21dd5d782d821b0bbecf09940c1813758f000c79a853964da,15e0b640a4359cbef538f081087ae1d37420bf2c2406547c0a50e9cdc88821ce,4b2338fa719de6916aea491880b1841356f268d1f23ca40b36ee8d3a5aa0b3bb
active_ev_count:exp3_asymmetric_websearch_80pct_k4:mrc:seed29,active_ev_count,exp3_asymmetric_websearch_80pct_k4,asymmetric_websearch,mrc,29,websearch,80,0,4,True,False,128,8,28640,0,1,,1,547.9620779810066,5a935a2ff8c749623d9636104a3ad440fb71895f25f2bbf4112c51a2cd84228a,49442a2573670bb21dd5d782d821b0bbecf09940c1813758f000c79a853964da,f9d3d418fa1c32ac8bacd06855e174cafa2869596b8177bbd7a049efb812d44c,a6db0c8c810e85718de2b9596024a381703df24c0f1e517e4e7cf0463104aee2
active_ev_count:exp3_asymmetric_websearch_80pct_k4:mrc:seed47,active_ev_count,exp3_asymmetric_websearch_80pct_k4,asymmetric_websearch,mrc,47,websearch,80,0,4,True,False,128,8,29117,0,1,,1,537.3162162490044,1fe6ddb58d688341f9c040d00d3e1925526a70a23b438c897191a7cccf76159f,49442a2573670bb21dd5d782d821b0bbecf09940c1813758f000c79a853964da,ebc3edc36c0897eeccf606535c1340cef7ee5a07e5f5ae3959e2f1fb00db173f,add8441ce0c04ce3c843cd774cabbe12e7d72dc17d00929c0e9f394068350a27
active_ev_count:exp3_asymmetric_websearch_80pct_k4:rr:seed13,active_ev_count,exp3_asymmetric_websearch_80pct_k4,asymmetric_websearch,rr,13,websearch,80,0,4,True,False,128,8,29191,0,1,,1,414.27741728699766,008da4ad9615dce108cb046b2ccd82a5a1fad0be6f1ecb7a6c61e55710bd6903,49442a2573670bb21dd5d782d821b0bbecf09940c1813758f000c79a853964da,136fbaaf94fda17b0da387ab052f3c6cd30cd6c34e781524930363ed82ba5d28,a2041b59e468b3ce2976452d5fd96b5e55523b89cc1bc8127592b109990afc6e
active_ev_count:exp3_asymmetric_websearch_80pct_k4:rr:seed29,active_ev_count,exp3_asymmetric_websearch_80pct_k4,asymmetric_websearch,rr,29,websearch,80,0,4,True,False,128,8,28640,0,1,,1,402.11055319400475,5a935a2ff8c749623d9636104a3ad440fb71895f25f2bbf4112c51a2cd84228a,49442a2573670bb21dd5d782d821b0bbecf09940c1813758f000c79a853964da,da4818ae0fd18fe1acb9d112d4bf11d7742bba3aebbb138e7e706340d0a852d9,2a6e07a60fe88f99491c8d087a32b77b2a344c43b66b82b8c27eaaf7633bc8be
active_ev_count:exp3_asymmetric_websearch_80pct_k4:rr:seed47,active_ev_count,exp3_asymmetric_websearch_80pct_k4,asymmetric_websearch,rr,47,websearch,80,0,4,True,False,128,8,29117,0,1,,1,391.47048001799703,1fe6ddb58d688341f9c040d00d3e1925526a70a23b438c897191a7cccf76159f,49442a2573670bb21dd5d782d821b0bbecf09940c1813758f000c79a853964da,11c2d1775d4e2b0cdea176463a19158c865727405007b7d45b9909d47fe90d7d,bd32e30b5e4ed7967cd6de9e89db300a76f12864f6c6bf6d8154a5f593a70275
active_ev_count:exp3_asymmetric_websearch_80pct_k8:mrc:seed13,active_ev_count,exp3_asymmetric_websearch_80pct_k8,asymmetric_websearch,mrc,13,websearch,80,0,8,True,False,128,8,29191,0,1,,1,581.0468133180038,008da4ad9615dce108cb046b2ccd82a5a1fad0be6f1ecb7a6c61e55710bd6903,49442a2573670bb21dd5d782d821b0bbecf09940c1813758f000c79a853964da,a5f46aff6002ec1d9db68066d7551718b442bf1c132538fde8fd1e4bce0a90e2,a03dd20ec1bc33a5bae668796c282df9eb4ac26e121f466cccf5d260b02e871e
active_ev_count:exp3_asymmetric_websearch_80pct_k8:mrc:seed29,active_ev_count,exp3_asymmetric_websearch_80pct_k8,asymmetric_websearch,mrc,29,websearch,80,0,8,True,False,128,8,28640,0,1,,1,551.5000834169987,5a935a2ff8c749623d9636104a3ad440fb71895f25f2bbf4112c51a2cd84228a,49442a2573670bb21dd5d782d821b0bbecf09940c1813758f000c79a853964da,33f93cd0a51e1cd71c04d25d6f6277b7057ab8160ea4ba8b79c86e78d0fdba51,eb2e03c818d37bc35c4f1b6e11a0b3fb6e0c4bdeebdb5bd29613afdc4a0b9539
active_ev_count:exp3_asymmetric_websearch_80pct_k8:mrc:seed47,active_ev_count,exp3_asymmetric_websearch_80pct_k8,asymmetric_websearch,mrc,47,websearch,80,0,8,True,False,128,8,29117,0,1,,1,527.3073441659944,1fe6ddb58d688341f9c040d00d3e1925526a70a23b438c897191a7cccf76159f,49442a2573670bb21dd5d782d821b0bbecf09940c1813758f000c79a853964da,1fb7d05c404ab53f6f74e78ad88d0341fb49e2f70cb21bf313ffa9faa1e862e4,2fa2090c58fdd93f21cd2b7bd64b781dcfea0488c21f07821313e78899b9d309
active_ev_count:exp3_asymmetric_websearch_80pct_k8:rr:seed13,active_ev_count,exp3_asymmetric_websearch_80pct_k8,asymmetric_websearch,rr,13,websearch,80,0,8,True,False,128,8,29191,0,1,,1,426.1974152779949,008da4ad9615dce108cb046b2ccd82a5a1fad0be6f1ecb7a6c61e55710bd6903,49442a2573670bb21dd5d782d821b0bbecf09940c1813758f000c79a853964da,e0214e3f8f09ce7207b16047b49a8257dc541db7fde55842727122e826238798,1709ecd0a31c3f55f8944761b7d7d370cb8cf4ced7323c4e40a6f5a0069c5c02
active_ev_count:exp3_asymmetric_websearch_80pct_k8:rr:seed29,active_ev_count,exp3_asymmetric_websearch_80pct_k8,asymmetric_websearch,rr,29,websearch,80,0,8,True,False,128,8,28640,0,1,,1,411.7454186959949,5a935a2ff8c749623d9636104a3ad440fb71895f25f2bbf4112c51a2cd84228a,49442a2573670bb21dd5d782d821b0bbecf09940c1813758f000c79a853964da,20fc11d848e22065de8ec5d00ea9476100f3c2e59cd0f174a395da147c44f5d2,f1de759d53247730c3030da38b8c792004dbf131204b6a0e7cc4bcf9d3daead1
active_ev_count:exp3_asymmetric_websearch_80pct_k8:rr:seed47,active_ev_count,exp3_asymmetric_websearch_80pct_k8,asymmetric_websearch,rr,47,websearch,80,0,8,True,False,128,8,29117,0,1,,1,400.27448160399945,1fe6ddb58d688341f9c040d00d3e1925526a70a23b438c897191a7cccf76159f,49442a2573670bb21dd5d782d821b0bbecf09940c1813758f000c79a853964da,06541040e8d691317da86e708c4841b86c326a0ddeb3956c5611fb185d6ad2a6,a18b8fe45c746638960f93bb2baecc5e5f13ae8528b2cfa588dfffbc6328983c
flow_lifetime:exp1_asymmetric_websearch_100pct:mrc:seed13,flow_lifetime,exp1_asymmetric_websearch_100pct,asymmetric,mrc,13,websearch,100,0,0,True,False,128,8,36615,0,1,,1,1167.520579084001,be62c26ee8643b49c0878b3045fbb1e1337c2964d4b336625f4aed1edf629b9d,49442a2573670bb21dd5d782d821b0bbecf09940c1813758f000c79a853964da,7031c9b1441bd6ef81bf5034c43f3158f8a5a946eab36c94f106fc601f5d71aa,6cc6588962df89bdee0b2aa3aed72bf3edd4e36bde831bf02e0f0d5eac7b6585
flow_lifetime:exp1_asymmetric_websearch_100pct:mrc:seed29,flow_lifetime,exp1_asymmetric_websearch_100pct,asymmetric,mrc,29,websearch,100,0,0,True,False,128,8,35997,0,1,,1,1102.9761752689956,9549bc0e724ce8f51a07b8771183278bca47ba99b6ee1dd6943e67085069ab31,49442a2573670bb21dd5d782d821b0bbecf09940c1813758f000c79a853964da,fb0632f6a9c2629f9a67d6683d6f0cd6897553bdc59b3dab4ec9f71230978456,38379ed914dcccbbf975687a1916d5136d4362f1ef68b3c2ca90698636681238
flow_lifetime:exp1_asymmetric_websearch_100pct:mrc:seed47,flow_lifetime,exp1_asymmetric_websearch_100pct,asymmetric,mrc,47,websearch,100,0,0,True,False,128,8,36242,0,1,,1,1054.6600828890005,a1074e855c7a2b9e2ec0a6bffc3f1ae1970feb886f04b71ded3637bce1b85e90,49442a2573670bb21dd5d782d821b0bbecf09940c1813758f000c79a853964da,127fe6077b4251fec7bcaee632f37135ccceba31db93de1963c22c1e88e2fe9c,72af9daba023eeb6e41336f3da6e31bcc41412d6c62b17575855d463f6bd6c89
flow_lifetime:exp1_asymmetric_websearch_100pct:rr:seed13,flow_lifetime,exp1_asymmetric_websearch_100pct,asymmetric,rr,13,websearch,100,0,0,True,False,128,8,36615,0,1,,1,863.5230814150018,be62c26ee8643b49c0878b3045fbb1e1337c2964d4b336625f4aed1edf629b9d,49442a2573670bb21dd5d782d821b0bbecf09940c1813758f000c79a853964da,5461a52b3489a090484bb802e8052739ebb2072bc6c2c772d45cc910692f8a5f,490ae4838e6acae5330f870dfdadf0f3689550f174e2eddacaf2886d348ac5d8
flow_lifetime:exp1_asymmetric_websearch_100pct:rr:seed29,flow_lifetime,exp1_asymmetric_websearch_100pct,asymmetric,rr,29,websearch,100,0,0,True,False,128,8,35997,0,1,,1,829.1374536050062,9549bc0e724ce8f51a07b8771183278bca47ba99b6ee1dd6943e67085069ab31,49442a2573670bb21dd5d782d821b0bbecf09940c1813758f000c79a853964da,d0546fe4004eadd6afffce2b394d6a07bc46a450c3fbf2a2c29acc201c29b11c,43e85f9e5a64a35dfca7fd89ea5fc62de1320c67bbb4b0008c5156807a2fd5ab
flow_lifetime:exp1_asymmetric_websearch_100pct:rr:seed47,flow_lifetime,exp1_asymmetric_websearch_100pct,asymmetric,rr,47,websearch,100,0,0,True,False,128,8,36242,0,1,,1,805.4247221710029,a1074e855c7a2b9e2ec0a6bffc3f1ae1970feb886f04b71ded3637bce1b85e90,49442a2573670bb21dd5d782d821b0bbecf09940c1813758f000c79a853964da,704bcd88c8bb1c6283ac0475d71ba2ba196fbd489d8c77abe83f971b1466a141,18ddf5b76a524dcba1bb4f5edaf84c0db543d9021de7abb1d9ef63742cf8ee3a
flow_lifetime:exp1_asymmetric_websearch_40pct:mrc:seed13,flow_lifetime,exp1_asymmetric_websearch_40pct,asymmetric,mrc,13,websearch,40,0,0,True,False,128,8,14748,0,1,,1,306.3324031319971,9b6775fe3d6129ade29794a72fc06ef31133b75b7a6c45d461364c3eacecaeca,49442a2573670bb21dd5d782d821b0bbecf09940c1813758f000c79a853964da,bb77250e3220e872fb3dc0e26aac81fd416159fdbbafeee58d70929e588c5ca9,4855255e877e99af2b933b6dd370109295579a7248e73df85c9f00ae6db05615
flow_lifetime:exp1_asymmetric_websearch_40pct:mrc:seed29,flow_lifetime,exp1_asymmetric_websearch_40pct,asymmetric,mrc,29,websearch,40,0,0,True,False,128,8,14198,0,1,,1,278.6247305319994,5087f83602014cbabc5ac8a7f1ba7ab5dbaa26255c67bdfdb6dc2818389f6899,49442a2573670bb21dd5d782d821b0bbecf09940c1813758f000c79a853964da,35a00acf2c7adea44646a039f85ac9d691a5eb87794bb174cd12a1abbed98b60,e6b419da744bd7199b48e72515e8e0497cf3b52f2976f9d1b2b080976e205153
flow_lifetime:exp1_asymmetric_websearch_40pct:mrc:seed47,flow_lifetime,exp1_asymmetric_websearch_40pct,asymmetric,mrc,47,websearch,40,0,0,True,False,128,8,14511,0,1,,1,268.71029324999836,469bb3de688335bd6cf281bca6793febbbfddbdb672477a4587eb04a262464bf,49442a2573670bb21dd5d782d821b0bbecf09940c1813758f000c79a853964da,7b03ad1d0e250e459fbbcc5acec0242be1ee5fcb105de0793b0ff7ac94ccd05a,2c7e1a08413f2b00ca83c45fc399a620f9cf6c95dee13551091be06328142e3b
flow_lifetime:exp1_asymmetric_websearch_40pct:rr:seed13,flow_lifetime,exp1_asymmetric_websearch_40pct,asymmetric,rr,13,websearch,40,0,0,True,False,128,8,14748,0,1,,1,226.3222365790025,9b6775fe3d6129ade29794a72fc06ef31133b75b7a6c45d461364c3eacecaeca,49442a2573670bb21dd5d782d821b0bbecf09940c1813758f000c79a853964da,a87b9703586f8a690c2d43eb5460ca4d8cd1f9b9316dbaf68c9fdb6dad194128,f7b78b957036a41d93d536ee46663daa4f0af36627ced1867d7da120a2cae31c
flow_lifetime:exp1_asymmetric_websearch_40pct:rr:seed29,flow_lifetime,exp1_asymmetric_websearch_40pct,asymmetric,rr,29,websearch,40,0,0,True,False,128,8,14198,0,1,,1,199.27528193699982,5087f83602014cbabc5ac8a7f1ba7ab5dbaa26255c67bdfdb6dc2818389f6899,49442a2573670bb21dd5d782d821b0bbecf09940c1813758f000c79a853964da,6eda18444507737d0de6693adcc436f10d4cded9583cb95fde2f3c25866b56a4,8b8390826e56ba03f8fd03076afd0b1af2c970a9eb5fc79fd8eac35385e03959
flow_lifetime:exp1_asymmetric_websearch_40pct:rr:seed47,flow_lifetime,exp1_asymmetric_websearch_40pct,asymmetric,rr,47,websearch,40,0,0,True,False,128,8,14511,0,1,,1,206.512410678999,469bb3de688335bd6cf281bca6793febbbfddbdb672477a4587eb04a262464bf,49442a2573670bb21dd5d782d821b0bbecf09940c1813758f000c79a853964da,36520a7d343b9e9a84f9664a2c87789d604afe67742a6ae849642b5afbbae0d2,54f598890de1b5eb2870f93b6f3a50e77322b81130c0521a0ae5cad155c12064
flow_lifetime:exp1_asymmetric_websearch_60pct:mrc:seed13,flow_lifetime,exp1_asymmetric_websearch_60pct,asymmetric,mrc,13,websearch,60,0,0,True,False,128,8,21984,0,1,,1,587.7011073739995,bb18267fc9c3fc272e6f4676a57035dc01ec621256e2e1ce7edd621f0ffa775a,49442a2573670bb21dd5d782d821b0bbecf09940c1813758f000c79a853964da,793d4cbddcdb39de61070a10fd5586b308eee35184ac2e02c4ac7390f64bd0f0,f0b0d2fdcbeead5d2ba34bda12cf127d7fcfe1ac4e30e290498057f8243ecd58
flow_lifetime:exp1_asymmetric_websearch_60pct:mrc:seed29,flow_lifetime,exp1_asymmetric_websearch_60pct,asymmetric,mrc,29,websearch,60,0,0,True,False,128,8,21353,0,1,,1,548.694414681002,aad1cc8a87274259b813a1a06b48e1cff2077e575ef521dc7ae90657bb8b9dea,49442a2573670bb21dd5d782d821b0bbecf09940c1813758f000c79a853964da,d3bed1b46a4d72304fe3249983788a998b463c9e390d837faf026da0a5816951,f8caa31d9154baeb7e6d56630bf51ca6b5766a6a7146b6acbe255bfb047070e1
flow_lifetime:exp1_asymmetric_websearch_60pct:mrc:seed47,flow_lifetime,exp1_asymmetric_websearch_60pct,asymmetric,mrc,47,websearch,60,0,0,True,False,128,8,21892,0,1,,1,535.9537533670009,7823e5b60e5b04c6e58bad946af265d185aa71e58021346d19443836ea749709,49442a2573670bb21dd5d782d821b0bbecf09940c1813758f000c79a853964da,d205ab51833140be98f5dcca4742ccc0a2e0c82ff780a506e29ea544c0064093,f048754cdd087a7e2a8c15b58a505689840c9208375ea2020ce4f937a021cb25
flow_lifetime:exp1_asymmetric_websearch_60pct:rr:seed13,flow_lifetime,exp1_asymmetric_websearch_60pct,asymmetric,rr,13,websearch,60,0,0,True,False,128,8,21984,0,1,,1,439.3899313389993,bb18267fc9c3fc272e6f4676a57035dc01ec621256e2e1ce7edd621f0ffa775a,49442a2573670bb21dd5d782d821b0bbecf09940c1813758f000c79a853964da,3e03c733dcb33bb49dd1fc1d78dfdabd3436ec8a3589b7fa3dfa821e942de2fb,8305a3431d71b9517d92ccdb363847c0d48f573d4afd7b6aea508d3281b0e8f4
flow_lifetime:exp1_asymmetric_websearch_60pct:rr:seed29,flow_lifetime,exp1_asymmetric_websearch_60pct,asymmetric,rr,29,websearch,60,0,0,True,False,128,8,21353,0,1,,1,395.8938731069975,aad1cc8a87274259b813a1a06b48e1cff2077e575ef521dc7ae90657bb8b9dea,49442a2573670bb21dd5d782d821b0bbecf09940c1813758f000c79a853964da,70fcd662e05e3ccec2896246e9f344ec99a89255de199cb763d76183bc65449e,83a9ab02e1f98fd5bd9dea5bbd40af5b77c5ffc1c54953fee64efac8dedb1125
flow_lifetime:exp1_asymmetric_websearch_60pct:rr:seed47,flow_lifetime,exp1_asymmetric_websearch_60pct,asymmetric,rr,47,websearch,60,0,0,True,False,128,8,21892,0,1,,1,393.3739904290014,7823e5b60e5b04c6e58bad946af265d185aa71e58021346d19443836ea749709,49442a2573670bb21dd5d782d821b0bbecf09940c1813758f000c79a853964da,76857cdef1dca925b5df0177999fe1a60f97b66050238f5473a2218cb961c10a,fafae3d4e42e12b163a57941d340ab0a6f40248cbb0dd1086a20cc6bd2619c89
flow_lifetime:exp1_asymmetric_websearch_80pct:mrc:seed13,flow_lifetime,exp1_asymmetric_websearch_80pct,asymmetric,mrc,13,websearch,80,0,0,True,False,128,8,29191,0,1,,1,896.0673490499976,008da4ad9615dce108cb046b2ccd82a5a1fad0be6f1ecb7a6c61e55710bd6903,49442a2573670bb21dd5d782d821b0bbecf09940c1813758f000c79a853964da,6acc7b90d5bac424d3e276f37b3677366fdfd765fe6b1073fcfb77075cafb479,1752c8d7c4229c46e203024d3334f6d8988e965bfe8d995b3c0ed00f220cd5c4
flow_lifetime:exp1_asymmetric_websearch_80pct:mrc:seed29,flow_lifetime,exp1_asymmetric_websearch_80pct,asymmetric,mrc,29,websearch,80,0,0,True,False,128,8,28640,0,1,,1,865.4971102939999,5a935a2ff8c749623d9636104a3ad440fb71895f25f2bbf4112c51a2cd84228a,49442a2573670bb21dd5d782d821b0bbecf09940c1813758f000c79a853964da,3d8b09cd38b41ece149da50084cc25b816617bcf0fc7858da9a56e3199ef6e48,0f879d24cec81c3934b73cbfedddf1bb3bf2d545f75340a029417fb37bac182e
flow_lifetime:exp1_asymmetric_websearch_80pct:mrc:seed47,flow_lifetime,exp1_asymmetric_websearch_80pct,asymmetric,mrc,47,websearch,80,0,0,True,False,128,8,29117,0,1,,1,799.7546164599953,1fe6ddb58d688341f9c040d00d3e1925526a70a23b438c897191a7cccf76159f,49442a2573670bb21dd5d782d821b0bbecf09940c1813758f000c79a853964da,e60b3c86b6c24688c85992fe27319aa66088aea32818f26041e822cd5d10fd7b,cc4913b20d494b5c20be960cc960c975f34100477e76610ede58bfd7b7936f35
flow_lifetime:exp1_asymmetric_websearch_80pct:rr:seed13,flow_lifetime,exp1_asymmetric_websearch_80pct,asymmetric,rr,13,websearch,80,0,0,True,False,128,8,29191,0,1,,1,670.8756884579998,008da4ad9615dce108cb046b2ccd82a5a1fad0be6f1ecb7a6c61e55710bd6903,49442a2573670bb21dd5d782d821b0bbecf09940c1813758f000c79a853964da,b4953b153a6e92dc037fa45eb2fbf267955a06779e65a561d98fc116a504099b,4084554c06a6a6e7888a24ccecfb78daf7dfdebaa9785af586aec7ccde743f35
flow_lifetime:exp1_asymmetric_websearch_80pct:rr:seed29,flow_lifetime,exp1_asymmetric_websearch_80pct,asymmetric,rr,29,websearch,80,0,0,True,False,128,8,28640,0,1,,1,610.6283323770003,5a935a2ff8c749623d9636104a3ad440fb71895f25f2bbf4112c51a2cd84228a,49442a2573670bb21dd5d782d821b0bbecf09940c1813758f000c79a853964da,f1f474142c03b3e8671135bd6b47e322887ce43e5f6b34e2229ec5cd62784e44,b3a080d306008b299f1a367a3a89848000ae73d827b7e2e9652e67f1f0208725
flow_lifetime:exp1_asymmetric_websearch_80pct:rr:seed47,flow_lifetime,exp1_asymmetric_websearch_80pct,asymmetric,rr,47,websearch,80,0,0,True,False,128,8,29117,0,1,,1,617.961160922001,1fe6ddb58d688341f9c040d00d3e1925526a70a23b438c897191a7cccf76159f,49442a2573670bb21dd5d782d821b0bbecf09940c1813758f000c79a853964da,27d5835bba711dbf176e618edd938167507fa9bf86f8a8979f7307bdd71f000c,a74b5847f7460b5e6e0aa3cbfab2b3990ccb101aaf4d2a117a59735580d87877
flow_lifetime:exp1_healthy_websearch_100pct:mrc:seed13,flow_lifetime,exp1_healthy_websearch_100pct,healthy,mrc,13,websearch,100,0,0,False,False,128,8,36615,0,1,,1,692.0082414640019,be62c26ee8643b49c0878b3045fbb1e1337c2964d4b336625f4aed1edf629b9d,49442a2573670bb21dd5d782d821b0bbecf09940c1813758f000c79a853964da,46ec226f000027ffb5718fb533de2192aadeb685ac49efa1c704a59eb8f0ab09,1b48f0002281c6f141824aedb4e7bb8ff62485dded0bd436effaeddef836a37f
flow_lifetime:exp1_healthy_websearch_100pct:mrc:seed29,flow_lifetime,exp1_healthy_websearch_100pct,healthy,mrc,29,websearch,100,0,0,False,False,128,8,35997,0,1,,1,805.5401685090001,9549bc0e724ce8f51a07b8771183278bca47ba99b6ee1dd6943e67085069ab31,49442a2573670bb21dd5d782d821b0bbecf09940c1813758f000c79a853964da,5d2a3a217db057a0404c0765f0759a8f71e01982ae38dfe5e16ac97ccf98d9c1,edd8f0e6861d19b88ae17108f1b4f6957024d0499e8bfd85fe3ca189674c1a7d
flow_lifetime:exp1_healthy_websearch_100pct:mrc:seed47,flow_lifetime,exp1_healthy_websearch_100pct,healthy,mrc,47,websearch,100,0,0,False,False,128,8,36242,0,1,,1,928.4850630150031,a1074e855c7a2b9e2ec0a6bffc3f1ae1970feb886f04b71ded3637bce1b85e90,49442a2573670bb21dd5d782d821b0bbecf09940c1813758f000c79a853964da,b8d6200d75274cef466d942407b31106365570cd2a673637d8df8210d94b1b65,ff57591d0894cda43bc793d6df60515a7c7c189afca84b6239a257d8a5cd8361
flow_lifetime:exp1_healthy_websearch_100pct:rr:seed13,flow_lifetime,exp1_healthy_websearch_100pct,healthy,rr,13,websearch,100,0,0,False,False,128,8,36615,0,1,,1,540.3333932679998,be62c26ee8643b49c0878b3045fbb1e1337c2964d4b336625f4aed1edf629b9d,49442a2573670bb21dd5d782d821b0bbecf09940c1813758f000c79a853964da,5864de0c20c1a4016e0e9aedc9bb740cd263dd8a41e4aa2db9d3338f98cf57fd,bbc1db784d6bdddaee8e205b785d222f7740ee1324d151fde802228fdc960bfe
flow_lifetime:exp1_healthy_websearch_100pct:rr:seed29,flow_lifetime,exp1_healthy_websearch_100pct,healthy,rr,29,websearch,100,0,0,False,False,128,8,35997,0,1,,1,524.1533704290014,9549bc0e724ce8f51a07b8771183278bca47ba99b6ee1dd6943e67085069ab31,49442a2573670bb21dd5d782d821b0bbecf09940c1813758f000c79a853964da,0ec6d36d4ac474e154e6f53ee8bd4e8eb6e565c163fdd8c182b55c5c39576f2a,f9eaf8bc686b7a9ff6cf3ade525dd185f8b1f9f9d03651b1b6e17b45d2f25886
flow_lifetime:exp1_healthy_websearch_100pct:rr:seed47,flow_lifetime,exp1_healthy_websearch_100pct,healthy,rr,47,websearch,100,0,0,False,False,128,8,36242,0,1,,1,582.6616572060011,a1074e855c7a2b9e2ec0a6bffc3f1ae1970feb886f04b71ded3637bce1b85e90,49442a2573670bb21dd5d782d821b0bbecf09940c1813758f000c79a853964da,6d23fa359ac2562f749e72fb7c23d1c2e9b92d4b8effc40cab64a4d56bb8c21c,c5ab6ad9ebfb98ef9c6d6bb75fc4c6ad42ee3453322e3b204e521e29dd3fa0b3
flow_lifetime:exp1_healthy_websearch_40pct:mrc:seed13,flow_lifetime,exp1_healthy_websearch_40pct,healthy,mrc,13,websearch,40,0,0,False,False,128,8,14748,0,1,,1,100.48104033900017,9b6775fe3d6129ade29794a72fc06ef31133b75b7a6c45d461364c3eacecaeca,49442a2573670bb21dd5d782d821b0bbecf09940c1813758f000c79a853964da,8ae07613c04aaab5d60b0a86890ad04e14c9c9082a06389cefe695c20a487cb4,89dd793e046be6f5a98c02adba0a7f16ca086891edf59e1c022b4437c99f6dba
flow_lifetime:exp1_healthy_websearch_40pct:mrc:seed29,flow_lifetime,exp1_healthy_websearch_40pct,healthy,mrc,29,websearch,40,0,0,False,False,128,8,14198,0,1,,1,94.30108403600025,5087f83602014cbabc5ac8a7f1ba7ab5dbaa26255c67bdfdb6dc2818389f6899,49442a2573670bb21dd5d782d821b0bbecf09940c1813758f000c79a853964da,4575bd12fa35d3fe14623602c8b4fa42b363201b25785f17d8a22ea2be10e0b2,bf798c545c88dc14600479efc1039683d5b9602c08852cb58e70c090a1910044
flow_lifetime:exp1_healthy_websearch_40pct:mrc:seed47,flow_lifetime,exp1_healthy_websearch_40pct,healthy,mrc,47,websearch,40,0,0,False,False,128,8,14511,0,1,,1,91.84339909999835,469bb3de688335bd6cf281bca6793febbbfddbdb672477a4587eb04a262464bf,49442a2573670bb21dd5d782d821b0bbecf09940c1813758f000c79a853964da,92287879f4fa02e84fdbe6ee92c20c98965b964e3d9054a32f97aec22772af8f,c4a7e2958a5882504c522b386ede751c9afd95424a001962e20bfbe02c945954
flow_lifetime:exp1_healthy_websearch_40pct:rr:seed13,flow_lifetime,exp1_healthy_websearch_40pct,healthy,rr,13,websearch,40,0,0,False,False,128,8,14748,0,1,,1,74.42496774599931,9b6775fe3d6129ade29794a72fc06ef31133b75b7a6c45d461364c3eacecaeca,49442a2573670bb21dd5d782d821b0bbecf09940c1813758f000c79a853964da,beecd5d8ed986c468f519c46dc8f227e23466ac97c62786e6d1dc32bc662a3b6,106fbd976437d53747678ad430806467ce3c4db68598b01bf77a8501d5da4458
flow_lifetime:exp1_healthy_websearch_40pct:rr:seed29,flow_lifetime,exp1_healthy_websearch_40pct,healthy,rr,29,websearch,40,0,0,False,False,128,8,14198,0,1,,1,67.98395494700162,5087f83602014cbabc5ac8a7f1ba7ab5dbaa26255c67bdfdb6dc2818389f6899,49442a2573670bb21dd5d782d821b0bbecf09940c1813758f000c79a853964da,f04419d4c51f2bfc3493868b311c1b3c6c8ba5041008604582777131f8ab9c87,1be1602dfe013de5e81c679b458d4b8fc3ed5d9540716c69c60b28720da87b24
flow_lifetime:exp1_healthy_websearch_40pct:rr:seed47,flow_lifetime,exp1_healthy_websearch_40pct,healthy,rr,47,websearch,40,0,0,False,False,128,8,14511,0,1,,1,69.16210885200053,469bb3de688335bd6cf281bca6793febbbfddbdb672477a4587eb04a262464bf,49442a2573670bb21dd5d782d821b0bbecf09940c1813758f000c79a853964da,8d0010453e2468d47610ba46b53842cc62f0d7e32f4290fccc446d20c6b42f79,ea75c0225c4c606e2401db1a2aca6c81df1c66fd2c26e6f91f425df2ec28dda3
flow_lifetime:exp1_healthy_websearch_60pct:mrc:seed13,flow_lifetime,exp1_healthy_websearch_60pct,healthy,mrc,13,websearch,60,0,0,False,False,128,8,21984,0,1,,1,202.45734876600181,bb18267fc9c3fc272e6f4676a57035dc01ec621256e2e1ce7edd621f0ffa775a,49442a2573670bb21dd5d782d821b0bbecf09940c1813758f000c79a853964da,6ed2ce92d9b2386bb96cdd4ac25a3c3287b4e1352f4741a9ec96ddf7208bcf64,169d652eba74741ae5c12fbdd6dc3cfc13dfae980a733208bc349c1e230f3eb0
flow_lifetime:exp1_healthy_websearch_60pct:mrc:seed29,flow_lifetime,exp1_healthy_websearch_60pct,healthy,mrc,29,websearch,60,0,0,False,False,128,8,21353,0,1,,1,192.0791402859977,aad1cc8a87274259b813a1a06b48e1cff2077e575ef521dc7ae90657bb8b9dea,49442a2573670bb21dd5d782d821b0bbecf09940c1813758f000c79a853964da,89bbec508fe8423d0c6b4095de01a5a146e4a0091d748927f35319bb1e0dfbcf,3f193c4a483aa7e7796411a53573202268e5b333a213b15ff916a8f2c6953cd8
flow_lifetime:exp1_healthy_websearch_60pct:mrc:seed47,flow_lifetime,exp1_healthy_websearch_60pct,healthy,mrc,47,websearch,60,0,0,False,False,128,8,21892,0,1,,1,182.60375996899893,7823e5b60e5b04c6e58bad946af265d185aa71e58021346d19443836ea749709,49442a2573670bb21dd5d782d821b0bbecf09940c1813758f000c79a853964da,b10e23d5e3973884bdc333d68cf7cd32fbb1cb3b174fb3617017cd221c89cfcc,d96870cbe92d6501fb03dadaf061c524e18cbaf369f1cdfb8b3070ad8ead23da
flow_lifetime:exp1_healthy_websearch_60pct:rr:seed13,flow_lifetime,exp1_healthy_websearch_60pct,healthy,rr,13,websearch,60,0,0,False,False,128,8,21984,0,1,,1,150.59093633799785,bb18267fc9c3fc272e6f4676a57035dc01ec621256e2e1ce7edd621f0ffa775a,49442a2573670bb21dd5d782d821b0bbecf09940c1813758f000c79a853964da,8c13af9ad6d7ba5342d7377c72527b75fe2c495a493c474be6c1c9d636a945da,6a4978803308e808af2181920712de6faf946571cce0b1bed7a1e24314d704d0
flow_lifetime:exp1_healthy_websearch_60pct:rr:seed29,flow_lifetime,exp1_healthy_websearch_60pct,healthy,rr,29,websearch,60,0,0,False,False,128,8,21353,0,1,,1,134.7281174009986,aad1cc8a87274259b813a1a06b48e1cff2077e575ef521dc7ae90657bb8b9dea,49442a2573670bb21dd5d782d821b0bbecf09940c1813758f000c79a853964da,f178d6d099c5a0d63b08f91dccd6da97797ccbd20e052e33ef110f38b72ea3e3,e54f1b5ed61c1cb0e1c0a0859faaf3bc11ce071801ca72a12bc5ebf72d5dd3c0
flow_lifetime:exp1_healthy_websearch_60pct:rr:seed47,flow_lifetime,exp1_healthy_websearch_60pct,healthy,rr,47,websearch,60,0,0,False,False,128,8,21892,0,1,,1,131.84745595000277,7823e5b60e5b04c6e58bad946af265d185aa71e58021346d19443836ea749709,49442a2573670bb21dd5d782d821b0bbecf09940c1813758f000c79a853964da,b30eb5236fbc57f1a987bae78f130f21f14f16de8794cd7d608ac75e55aee628,d6fa973fbd50f3634df2e0783d9776bd3d29216a2d9be41205a19d9d08d933d0
flow_lifetime:exp1_healthy_websearch_80pct:mrc:seed13,flow_lifetime,exp1_healthy_websearch_80pct,healthy,mrc,13,websearch,80,0,0,False,False,128,8,29191,0,1,,1,367.5731302150016,008da4ad9615dce108cb046b2ccd82a5a1fad0be6f1ecb7a6c61e55710bd6903,49442a2573670bb21dd5d782d821b0bbecf09940c1813758f000c79a853964da,6971f0d7f93348076528ea7b988afb043f87be49efe484f7ac45c5c697f66496,81f6a0b483418f06eb0abf2d445c1a56738f36046819eabacc5f6de35a4109be
flow_lifetime:exp1_healthy_websearch_80pct:mrc:seed29,flow_lifetime,exp1_healthy_websearch_80pct,healthy,mrc,29,websearch,80,0,0,False,False,128,8,28640,0,1,,1,449.03470238700174,5a935a2ff8c749623d9636104a3ad440fb71895f25f2bbf4112c51a2cd84228a,49442a2573670bb21dd5d782d821b0bbecf09940c1813758f000c79a853964da,b6e279f885608fd34cf01d27cce9f999fc7806f4ee8844b69429c9a5a353935a,b0b952759aedb7e3090b51baff9e0104f4d8b7feb3aa4a889c535cd5e740cb7d
flow_lifetime:exp1_healthy_websearch_80pct:mrc:seed47,flow_lifetime,exp1_healthy_websearch_80pct,healthy,mrc,47,websearch,80,0,0,False,False,128,8,29117,0,1,,1,426.78055185700214,1fe6ddb58d688341f9c040d00d3e1925526a70a23b438c897191a7cccf76159f,49442a2573670bb21dd5d782d821b0bbecf09940c1813758f000c79a853964da,669a35430f76b5905d6420ef5d9ac86a41b5625f573dc54fdc67b8a0cbac5b1e,972f55732081eceaa9005f6f2b4005c3ecad4f27389f5da61d5ca5098b9a5356
flow_lifetime:exp1_healthy_websearch_80pct:rr:seed13,flow_lifetime,exp1_healthy_websearch_80pct,healthy,rr,13,websearch,80,0,0,False,False,128,8,29191,0,1,,1,235.05923118099963,008da4ad9615dce108cb046b2ccd82a5a1fad0be6f1ecb7a6c61e55710bd6903,49442a2573670bb21dd5d782d821b0bbecf09940c1813758f000c79a853964da,11c848ed656928b2fa2703174abba468dbdf581ece7848115208294e05cb3d26,864ea9d6310cd2d1ad1fc5078da5db2e6a3c7a789fc73f6d65ba2dab8e65cd99
flow_lifetime:exp1_healthy_websearch_80pct:rr:seed29,flow_lifetime,exp1_healthy_websearch_80pct,healthy,rr,29,websearch,80,0,0,False,False,128,8,28640,0,1,,1,255.84737934900113,5a935a2ff8c749623d9636104a3ad440fb71895f25f2bbf4112c51a2cd84228a,49442a2573670bb21dd5d782d821b0bbecf09940c1813758f000c79a853964da,8bbbc0718c123f1b4202d206aa6c07f122bb230cf4c623207d954e2354b54c41,875adccd05987e7c8a2f429fb328b72b9eb01a7db3eca69dd53db10d5fb5dc79
flow_lifetime:exp1_healthy_websearch_80pct:rr:seed47,flow_lifetime,exp1_healthy_websearch_80pct,healthy,rr,47,websearch,80,0,0,False,False,128,8,29117,0,1,,1,344.7897470049975,1fe6ddb58d688341f9c040d00d3e1925526a70a23b438c897191a7cccf76159f,49442a2573670bb21dd5d782d821b0bbecf09940c1813758f000c79a853964da,6441558006ac097b6a9f94618a96cc631e9352bf9b3cf831fd84e2e9827599b6,f806681b46b805ce0f49d8df9b2fd085e2d5dce357f305875efb90f1ad9e42a5
per_qp_sharing:exp2_asymmetric_alltoall_256mib_p16:mrc-shared:seed13,per_qp_sharing,exp2_asymmetric_alltoall_256mib_p16,asymmetric_alltoall,mrc-shared,13,alltoall,0,16,0,True,True,128,8,16256,0,1,,1,711.987129743,20427d53cb40a34632ad4b93722726c89b4713dc6c0bc86529e0861b6a0da1ed,49442a2573670bb21dd5d782d821b0bbecf09940c1813758f000c79a853964da,5a2c1b6a4cd1655943473b2c550e3e0d3a7c0b9432e54399d096fdc703fcda5c,75be644aac8e519b2d15369e603dee44685287f5d3a4686395770e6b9da74d2b
per_qp_sharing:exp2_asymmetric_alltoall_256mib_p16:mrc-shared:seed29,per_qp_sharing,exp2_asymmetric_alltoall_256mib_p16,asymmetric_alltoall,mrc-shared,29,alltoall,0,16,0,True,True,128,8,16256,0,1,,1,687.2010742970015,b6e964e539c454f6ad030e2ea13146ec010ba047b1f252b5671a422f95abc00f,49442a2573670bb21dd5d782d821b0bbecf09940c1813758f000c79a853964da,762c706e7ab856aa2e311ac904ec6042127666b91cc085cc9b5add4709e5f1d1,f25d3a1b311fcb378f046b9f6a213587b8a35c01212d00836d7779beefb11604
per_qp_sharing:exp2_asymmetric_alltoall_256mib_p16:mrc-shared:seed47,per_qp_sharing,exp2_asymmetric_alltoall_256mib_p16,asymmetric_alltoall,mrc-shared,47,alltoall,0,16,0,True,True,128,8,16256,0,1,,1,709.2720240880008,f40783e501c2c5ae9fd8b796ffa1726ea6b78ea62afb0238fce5bf70f4f7bd5c,49442a2573670bb21dd5d782d821b0bbecf09940c1813758f000c79a853964da,2120d6f98b039038f4357cbf603bf8cb1b06b8a613d81629125160b06f7e2ad9,158f5bfa0f2e955f55681f8241b8e3979eba66f00036fdc5a3c2bb4443cef589
per_qp_sharing:exp2_asymmetric_alltoall_256mib_p16:mrc:seed13,per_qp_sharing,exp2_asymmetric_alltoall_256mib_p16,asymmetric_alltoall,mrc,13,alltoall,0,16,0,True,True,128,8,16256,0,1,,1,650.742276609999,20427d53cb40a34632ad4b93722726c89b4713dc6c0bc86529e0861b6a0da1ed,49442a2573670bb21dd5d782d821b0bbecf09940c1813758f000c79a853964da,d4bcfa4ccfb48280d013da2fe10ddd912fa895e43f4b08e6e498ed24a2f53298,c4968e3d87cf8512e68c5257f872d7ddafbd3a8079af60e4850e462dc431ee00
per_qp_sharing:exp2_asymmetric_alltoall_256mib_p16:mrc:seed29,per_qp_sharing,exp2_asymmetric_alltoall_256mib_p16,asymmetric_alltoall,mrc,29,alltoall,0,16,0,True,True,128,8,16256,0,1,,1,644.2656440040009,b6e964e539c454f6ad030e2ea13146ec010ba047b1f252b5671a422f95abc00f,49442a2573670bb21dd5d782d821b0bbecf09940c1813758f000c79a853964da,2d658befbfda1f88f57e7282526494c917a633496543f75932d1a378f4ba269c,60d1812b58805c2f0e27a6d8769b22e2b85b016e0948f2c7b4f5c9f517580474
per_qp_sharing:exp2_asymmetric_alltoall_256mib_p16:mrc:seed47,per_qp_sharing,exp2_asymmetric_alltoall_256mib_p16,asymmetric_alltoall,mrc,47,alltoall,0,16,0,True,True,128,8,16256,0,1,,1,653.030941211,f40783e501c2c5ae9fd8b796ffa1726ea6b78ea62afb0238fce5bf70f4f7bd5c,49442a2573670bb21dd5d782d821b0bbecf09940c1813758f000c79a853964da,0b274ca2733912df0c659c97bcb7219c4c464614ad3107b1e42bb3fe6f7e2871,6db5acc6837e7191f0b4dc9e5ff1ef878bd5f42dc02edc4a95cc00b424c1f9bf
per_qp_sharing:exp2_asymmetric_alltoall_256mib_p4:mrc-shared:seed13,per_qp_sharing,exp2_asymmetric_alltoall_256mib_p4,asymmetric_alltoall,mrc-shared,13,alltoall,0,4,0,True,True,128,8,16256,0,1,,1,593.0721683899974,e14c9b2fa5732d49d911c4cc54a6ca6cf4e84e086da834ec0677080c5d52f635,49442a2573670bb21dd5d782d821b0bbecf09940c1813758f000c79a853964da,7c601738b6d89595895df2fe8488f35aa01d641049d8af5e02192da154478097,852ecfe77ebc5c4886f733f4cc88591cb65c58a589ad610f0061033682c7a205
per_qp_sharing:exp2_asymmetric_alltoall_256mib_p4:mrc-shared:seed29,per_qp_sharing,exp2_asymmetric_alltoall_256mib_p4,asymmetric_alltoall,mrc-shared,29,alltoall,0,4,0,True,True,128,8,16256,0,1,,1,573.8726004229975,9b3cf271c7a010936f4029f88649472095d7e054e3bdda708c77cfc44becbdb6,49442a2573670bb21dd5d782d821b0bbecf09940c1813758f000c79a853964da,83ae4fc8659427fea8233e86e85c85566c30a8465fa9f82faf54989f094a3990,037accb702d81c94ba2ee5233656c5e3f7a95f6004bb834194b978834083f102
per_qp_sharing:exp2_asymmetric_alltoall_256mib_p4:mrc-shared:seed47,per_qp_sharing,exp2_asymmetric_alltoall_256mib_p4,asymmetric_alltoall,mrc-shared,47,alltoall,0,4,0,True,True,128,8,16256,0,1,,1,579.2737945240006,c1bf054e67dc1798e712c0ed5173423bbdcb5d4f5c716c92247f936f57e0709c,49442a2573670bb21dd5d782d821b0bbecf09940c1813758f000c79a853964da,9e0071ecc5f3c755bf69cf830430644715828a4c1ce8a25db756a2fe827c1ce7,4232dea787d8c68bd8ace30c14a834c9b5a9779548f3a0b8e7f86e87116e3a30
per_qp_sharing:exp2_asymmetric_alltoall_256mib_p4:mrc:seed13,per_qp_sharing,exp2_asymmetric_alltoall_256mib_p4,asymmetric_alltoall,mrc,13,alltoall,0,4,0,True,True,128,8,16256,0,1,,1,524.136075688999,e14c9b2fa5732d49d911c4cc54a6ca6cf4e84e086da834ec0677080c5d52f635,49442a2573670bb21dd5d782d821b0bbecf09940c1813758f000c79a853964da,b3fa59399cdf210ffcea6d5e711e665430529b2819cc15349a78d1ddf67bec45,d884b31773df8c876a47f5378b13fc10dd312d454ca931a2066385b64351af1b
per_qp_sharing:exp2_asymmetric_alltoall_256mib_p4:mrc:seed29,per_qp_sharing,exp2_asymmetric_alltoall_256mib_p4,asymmetric_alltoall,mrc,29,alltoall,0,4,0,True,True,128,8,16256,0,1,,1,527.5776592770053,9b3cf271c7a010936f4029f88649472095d7e054e3bdda708c77cfc44becbdb6,49442a2573670bb21dd5d782d821b0bbecf09940c1813758f000c79a853964da,ae10a3acc8bed18c5d6c45aebd8f19eff01b67a4dd5065616c0f6c87c3523fa7,e5ed5dc01eff4a9de82cf93af4fd112ae68105610e6dee742ff2ae0bc526b143
per_qp_sharing:exp2_asymmetric_alltoall_256mib_p4:mrc:seed47,per_qp_sharing,exp2_asymmetric_alltoall_256mib_p4,asymmetric_alltoall,mrc,47,alltoall,0,4,0,True,True,128,8,16256,0,1,,1,536.0132082540003,c1bf054e67dc1798e712c0ed5173423bbdcb5d4f5c716c92247f936f57e0709c,49442a2573670bb21dd5d782d821b0bbecf09940c1813758f000c79a853964da,3de913421b60ae57be39035ee8c304f39ba6d6eecfef6d4586c96fa66350464a,22aaba4d139d7d4f976f798890370a784a7e388d4fd5b4200af5354ec3676fab
per_qp_sharing:exp2_asymmetric_alltoall_256mib_p8:mrc-shared:seed13,per_qp_sharing,exp2_asymmetric_alltoall_256mib_p8,asymmetric_alltoall,mrc-shared,13,alltoall,0,8,0,True,True,128,8,16256,0,1,,1,656.6925446779933,3151dbb939ef8855f574162c7079076511ec6f3ff41448604694a67ceb5c2ac6,49442a2573670bb21dd5d782d821b0bbecf09940c1813758f000c79a853964da,307d059276e88be62cc1ab4ddda8988b5d1b43f32c303511a482ec58c964fc96,c39468e73251bb059e0e0b6a01d230260b054b5977fc985960bf3e6d4c0d5a2c
per_qp_sharing:exp2_asymmetric_alltoall_256mib_p8:mrc-shared:seed29,per_qp_sharing,exp2_asymmetric_alltoall_256mib_p8,asymmetric_alltoall,mrc-shared,29,alltoall,0,8,0,True,True,128,8,16256,0,1,,1,630.6417157050018,d150841e2665d2b7f07c5486e8ce52c026cafc61505b776fb965a704d2dff27b,49442a2573670bb21dd5d782d821b0bbecf09940c1813758f000c79a853964da,d55d26b8e6d51907b016907a6a02b2970f926f3f4e64b55e29ef68fd3f03e4c5,a2bb74f882b8f764fc3fe69e0bb2965cffbb00acc78d3d95cdd7b7da3e8ae7dd
per_qp_sharing:exp2_asymmetric_alltoall_256mib_p8:mrc-shared:seed47,per_qp_sharing,exp2_asymmetric_alltoall_256mib_p8,asymmetric_alltoall,mrc-shared,47,alltoall,0,8,0,True,True,128,8,16256,0,1,,1,643.1396156800038,e3037d67bb3a910c47f7711125fb15f28dd35c8d88d7fccdfe2b02c590c25bc6,49442a2573670bb21dd5d782d821b0bbecf09940c1813758f000c79a853964da,1bba4fdc10f5b48bf91883212889d2553219d91a516eb8c3fc849293a01427f4,4c6ddaf1b5a09b56cca444f6cb8c3d671ff29595023de786a43e08fd0be41e66
per_qp_sharing:exp2_asymmetric_alltoall_256mib_p8:mrc:seed13,per_qp_sharing,exp2_asymmetric_alltoall_256mib_p8,asymmetric_alltoall,mrc,13,alltoall,0,8,0,True,True,128,8,16256,0,1,,1,595.2171628950018,3151dbb939ef8855f574162c7079076511ec6f3ff41448604694a67ceb5c2ac6,49442a2573670bb21dd5d782d821b0bbecf09940c1813758f000c79a853964da,814e0ac5f142aed25c8ebdc7cdac2ce56b924b01a8fc220efdceb71fcf57ddd7,1de61b001c1b6dc0380cedd402e667dd8f48e1c481715c4acce505c3613cd268
per_qp_sharing:exp2_asymmetric_alltoall_256mib_p8:mrc:seed29,per_qp_sharing,exp2_asymmetric_alltoall_256mib_p8,asymmetric_alltoall,mrc,29,alltoall,0,8,0,True,True,128,8,16256,0,1,,1,590.6604364410014,d150841e2665d2b7f07c5486e8ce52c026cafc61505b776fb965a704d2dff27b,49442a2573670bb21dd5d782d821b0bbecf09940c1813758f000c79a853964da,a318d0f3d826ec77fb8cd871dd755b61b0041574d80084092b1d7a121e13d327,e46d3a73442a8ebe0fb8f42640811e880b291180cc7f95f4b80c053fcb2b7439
per_qp_sharing:exp2_asymmetric_alltoall_256mib_p8:mrc:seed47,per_qp_sharing,exp2_asymmetric_alltoall_256mib_p8,asymmetric_alltoall,mrc,47,alltoall,0,8,0,True,True,128,8,16256,0,1,,1,593.9823370719969,e3037d67bb3a910c47f7711125fb15f28dd35c8d88d7fccdfe2b02c590c25bc6,49442a2573670bb21dd5d782d821b0bbecf09940c1813758f000c79a853964da,a048565db31d0bf7e5edfa7e43138929cb16a34163fd1f8ae2910e15104151bc,e00372b449c2a04ff95aff1a3077b5b52614bbf372ece644aa547fa3ebd2d61c
