plot_key,scenario,cohort,size_mib,parallel,scheme,baseline,absolute_cct_us,absolute_cct_ms,normalized_cct,seed_values_us
asymmetric:1024:16:mrc,asymmetric_alltoall_background_1024mib_p16,asymmetric,1024,16,mrc,mrc,29333.2908036,29.3332908036,1,13:31364.8;29:28667.9;47:28070.1
asymmetric:1024:16:n-mrc,asymmetric_alltoall_background_1024mib_p16,asymmetric,1024,16,n-mrc,mrc,29659.0107053,29.6590107053,1.01110410365,13:30480.7;29:29407.9;47:29105.9
asymmetric:1024:16:ops,asymmetric_alltoall_background_1024mib_p16,asymmetric,1024,16,ops,mrc,38081.9196541,38.0819196541,1.29824914323,13:41785.1;29:36319.8;47:36390.8
asymmetric:1024:16:reps,asymmetric_alltoall_background_1024mib_p16,asymmetric,1024,16,reps,mrc,26534.0813493,26.5340813493,0.904572266609,13:28000.8;29:25754.3;47:25905.5
asymmetric:1024:16:sglb,asymmetric_alltoall_background_1024mib_p16,asymmetric,1024,16,sglb,mrc,26491.4101047,26.4914101047,0.903117562976,13:27243.2;29:26331;47:25917.3
asymmetric:1024:4:mrc,asymmetric_alltoall_background_1024mib_p4,asymmetric,1024,4,mrc,mrc,41637.8933457,41.6378933457,1,13:44312.7;29:38979.9;47:41792.4
asymmetric:1024:4:n-mrc,asymmetric_alltoall_background_1024mib_p4,asymmetric,1024,4,n-mrc,mrc,37808.7131022,37.8087131022,0.908036167638,13:39118.6;29:36049;47:38326.5
asymmetric:1024:4:ops,asymmetric_alltoall_background_1024mib_p4,asymmetric,1024,4,ops,mrc,47168.6186085,47.1686186085,1.13282913275,13:51393;29:45890.4;47:44497.3
asymmetric:1024:4:reps,asymmetric_alltoall_background_1024mib_p4,asymmetric,1024,4,reps,mrc,35679.0241106,35.6790241106,0.856888311191,13:35054.1;29:34836.1;47:37193.8
asymmetric:1024:4:sglb,asymmetric_alltoall_background_1024mib_p4,asymmetric,1024,4,sglb,mrc,39996.4918377,39.9964918377,0.96057914135,13:39973.2;29:43751.1;47:36585.4
asymmetric:1024:8:mrc,asymmetric_alltoall_background_1024mib_p8,asymmetric,1024,8,mrc,mrc,33797.203868,33.797203868,1,13:35848.1;29:32848;47:32784.4
asymmetric:1024:8:n-mrc,asymmetric_alltoall_background_1024mib_p8,asymmetric,1024,8,n-mrc,mrc,31191.3674617,31.1913674617,0.922897869997,13:31816.7;29:30922.4;47:30844.3
asymmetric:1024:8:ops,asymmetric_alltoall_background_1024mib_p8,asymmetric,1024,8,ops,mrc,43107.756995,43.107756995,1.27548294123,13:45739.2;29:41708.9;47:41990.3
asymmetric:1024:8:reps,asymmetric_alltoall_background_1024mib_p8,asymmetric,1024,8,reps,mrc,30415.2010093,30.4152010093,0.899932465657,13:30927.8;29:29803.8;47:30524.7
asymmetric:1024:8:sglb,asymmetric_alltoall_background_1024mib_p8,asymmetric,1024,8,sglb,mrc,30284.763888,30.284763888,0.896073059955,13:31460.3;29:31038.5;47:28445.2
asymmetric:256:16:mrc,asymmetric_alltoall_background_256mib_p16,asymmetric,256,16,mrc,mrc,7845.71301706,7.84571301706,1,13:8424.16;29:7757.81;47:7389.78
asymmetric:256:16:n-mrc,asymmetric_alltoall_background_256mib_p16,asymmetric,256,16,n-mrc,mrc,7691.99962054,7.69199962054,0.980407976154,13:7955.03;29:7519.38;47:7608.41
asymmetric:256:16:ops,asymmetric_alltoall_background_256mib_p16,asymmetric,256,16,ops,mrc,9126.7147154,9.1267147154,1.16327409575,13:10272.7;29:8551.72;47:8653.77
asymmetric:256:16:reps,asymmetric_alltoall_background_256mib_p16,asymmetric,256,16,reps,mrc,7888.04707986,7.88804707986,1.00539582097,13:8026.39;29:7813.38;47:7826.17
asymmetric:256:16:sglb,asymmetric_alltoall_background_256mib_p16,asymmetric,256,16,sglb,mrc,7631.89743998,7.63189743998,0.972747463919,13:7668.38;29:7673.61;47:7554.3
asymmetric:256:4:mrc,asymmetric_alltoall_background_256mib_p4,asymmetric,256,4,mrc,mrc,11006.0075824,11.0060075824,1,13:12376.9;29:10061.4;47:10705.8
asymmetric:256:4:n-mrc,asymmetric_alltoall_background_256mib_p4,asymmetric,256,4,n-mrc,mrc,11255.7575681,11.2557575681,1.02269215098,13:12711.6;29:10507.1;47:10676.8
asymmetric:256:4:ops,asymmetric_alltoall_background_256mib_p4,asymmetric,256,4,ops,mrc,11823.6952516,11.8236952516,1.07429466709,13:12931.6;29:10900.5;47:11726.3
asymmetric:256:4:reps,asymmetric_alltoall_background_256mib_p4,asymmetric,256,4,reps,mrc,10544.7621052,10.5447621052,0.958091481066,13:10610.6;29:10189.5;47:10844.7
asymmetric:256:4:sglb,asymmetric_alltoall_background_256mib_p4,asymmetric,256,4,sglb,mrc,10876.2512037,10.8762512037,0.98821040439,13:10865.7;29:9927.12;47:11927.7
asymmetric:256:8:mrc,asymmetric_alltoall_background_256mib_p8,asymmetric,256,8,mrc,mrc,9280.52556194,9.28052556194,1,13:9575.79;29:9126.98;47:9145.68
asymmetric:256:8:n-mrc,asymmetric_alltoall_background_256mib_p8,asymmetric,256,8,n-mrc,mrc,9801.78526286,9.80178526286,1.05616704544,13:10170.6;29:10422.6;47:8883.68
asymmetric:256:8:ops,asymmetric_alltoall_background_256mib_p8,asymmetric,256,8,ops,mrc,10222.7318413,10.2227318413,1.10152509932,13:11334;29:9763.65;47:9653.96
asymmetric:256:8:reps,asymmetric_alltoall_background_256mib_p8,asymmetric,256,8,reps,mrc,9003.66912689,9.00366912689,0.970168021929,13:8997.5;29:8836.01;47:9180.8
asymmetric:256:8:sglb,asymmetric_alltoall_background_256mib_p8,asymmetric,256,8,sglb,mrc,9022.46259877,9.02246259877,0.972193065851,13:9234.44;29:9241.44;47:8606.47
asymmetric:64:16:mrc,asymmetric_alltoall_background_64mib_p16,asymmetric,64,16,mrc,mrc,2004.49435218,2.00449435218,1,13:2042.32;29:2012.38;47:1959.66
asymmetric:64:16:n-mrc,asymmetric_alltoall_background_64mib_p16,asymmetric,64,16,n-mrc,mrc,1989.23905729,1.98923905729,0.992389454789,13:2036.19;29:1944.67;47:1987.91
asymmetric:64:16:ops,asymmetric_alltoall_background_64mib_p16,asymmetric,64,16,ops,mrc,2157.19909691,2.15719909691,1.07618117984,13:2350.69;29:2052.29;47:2080.83
asymmetric:64:16:reps,asymmetric_alltoall_background_64mib_p16,asymmetric,64,16,reps,mrc,1993.41413982,1.99341413982,0.994472315496,13:2075.64;29:1967.43;47:1939.73
asymmetric:64:16:sglb,asymmetric_alltoall_background_64mib_p16,asymmetric,64,16,sglb,mrc,1953.11922702,1.95311922702,0.974370032469,13:1958.37;29:1982.35;47:1919.16
asymmetric:64:4:mrc,asymmetric_alltoall_background_64mib_p4,asymmetric,64,4,mrc,mrc,3037.56099273,3.03756099273,1,13:3221.07;29:3056.1;47:2847.13
asymmetric:64:4:n-mrc,asymmetric_alltoall_background_64mib_p4,asymmetric,64,4,n-mrc,mrc,2564.80080598,2.56480080598,0.844361911455,13:2600.03;29:2652.65;47:2446.26
asymmetric:64:4:ops,asymmetric_alltoall_background_64mib_p4,asymmetric,64,4,ops,mrc,2611.46961618,2.61146961618,0.859725820299,13:2839.38;29:2537.17;47:2472.19
asymmetric:64:4:reps,asymmetric_alltoall_background_64mib_p4,asymmetric,64,4,reps,mrc,2377.65650302,2.37765650302,0.782751855423,13:2274.69;29:2177.63;47:2713.57
asymmetric:64:4:sglb,asymmetric_alltoall_background_64mib_p4,asymmetric,64,4,sglb,mrc,2455.45420862,2.45545420862,0.808363754505,13:2188.93;29:2921.23;47:2315.25
asymmetric:64:8:mrc,asymmetric_alltoall_background_64mib_p8,asymmetric,64,8,mrc,mrc,2027.67761086,2.02767761086,1,13:2135.09;29:1936.66;47:2016.17
asymmetric:64:8:n-mrc,asymmetric_alltoall_background_64mib_p8,asymmetric,64,8,n-mrc,mrc,2119.30418564,2.11930418564,1.04518794028,13:2204.43;29:2128.86;47:2028.32
asymmetric:64:8:ops,asymmetric_alltoall_background_64mib_p8,asymmetric,64,8,ops,mrc,2339.5588755,2.3395588755,1.15381205719,13:2570.64;29:2220.16;47:2243.76
asymmetric:64:8:reps,asymmetric_alltoall_background_64mib_p8,asymmetric,64,8,reps,mrc,2095.14664257,2.09514664257,1.03327404285,13:2184.97;29:2049.97;47:2053.29
asymmetric:64:8:sglb,asymmetric_alltoall_background_64mib_p8,asymmetric,64,8,sglb,mrc,2000.00805078,2.00000805078,0.986354063423,13:1947.11;29:2035.17;47:2018.85
healthy:1024:16:mrc,healthy_alltoall_1024mib_p16,healthy,1024,16,mrc,mrc,24189.9971064,24.1899971064,1,13:24030.3;29:24668;47:23878.9
healthy:1024:16:n-mrc,healthy_alltoall_1024mib_p16,healthy,1024,16,n-mrc,mrc,28074.0944224,28.0740944224,1.16056625798,13:28050.6;29:28093.3;47:28078.4
healthy:1024:16:ops,healthy_alltoall_1024mib_p16,healthy,1024,16,ops,mrc,24120.0254251,24.1200254251,0.997107412583,13:23984.2;29:24222.1;47:24154.4
healthy:1024:16:reps,healthy_alltoall_1024mib_p16,healthy,1024,16,reps,mrc,23445.3226974,23.4453226974,0.969215605703,13:23483.6;29:23381.6;47:23470.9
healthy:1024:16:sglb,healthy_alltoall_1024mib_p16,healthy,1024,16,sglb,mrc,25007.9629285,25.0079629285,1.03381421744,13:25085.3;29:24997.8;47:24941
healthy:1024:4:mrc,healthy_alltoall_1024mib_p4,healthy,1024,4,mrc,mrc,33583.3714673,33.5833714673,1,13:33680.1;29:34871;47:32250.4
healthy:1024:4:n-mrc,healthy_alltoall_1024mib_p4,healthy,1024,4,n-mrc,mrc,37483.5100131,37.4835100131,1.11613302582,13:37646;29:38771.6;47:36081.8
healthy:1024:4:ops,healthy_alltoall_1024mib_p4,healthy,1024,4,ops,mrc,37922.0313628,37.9220313628,1.12919071868,13:40010.2;29:36490.2;47:37353.2
healthy:1024:4:reps,healthy_alltoall_1024mib_p4,healthy,1024,4,reps,mrc,37872.5888061,37.8725888061,1.12771848541,13:38361.8;29:40756.2;47:34744.2
healthy:1024:4:sglb,healthy_alltoall_1024mib_p4,healthy,1024,4,sglb,mrc,40964.4131196,40.9644131196,1.21978262842,13:46142;29:37987.1;47:39218.2
healthy:1024:8:mrc,healthy_alltoall_1024mib_p8,healthy,1024,8,mrc,mrc,28099.1377516,28.0991377516,1,13:27970.9;29:27181.9;47:29180.5
healthy:1024:8:n-mrc,healthy_alltoall_1024mib_p8,healthy,1024,8,n-mrc,mrc,30160.3707032,30.1603707032,1.07335573674,13:30421.3;29:30045.2;47:30016.3
healthy:1024:8:ops,healthy_alltoall_1024mib_p8,healthy,1024,8,ops,mrc,29016.6129447,29.0166129447,1.03265136465,13:29601.5;29:28524.1;47:28934.4
healthy:1024:8:reps,healthy_alltoall_1024mib_p8,healthy,1024,8,reps,mrc,28940.264642,28.940264642,1.02993425983,13:28720.5;29:29952.5;47:28176.2
healthy:1024:8:sglb,healthy_alltoall_1024mib_p8,healthy,1024,8,sglb,mrc,29909.0341072,29.9090341072,1.06441109943,13:30262;29:29570.6;47:29898.5
healthy:256:16:mrc,healthy_alltoall_256mib_p16,healthy,256,16,mrc,mrc,6842.44839639,6.84244839639,1,13:7143.15;29:6605.53;47:6789.49
healthy:256:16:n-mrc,healthy_alltoall_256mib_p16,healthy,256,16,n-mrc,mrc,6980.9187954,6.9809187954,1.02023696651,13:6918.54;29:7126.28;47:6900.18
healthy:256:16:ops,healthy_alltoall_256mib_p16,healthy,256,16,ops,mrc,7695.13090675,7.69513090675,1.12461657889,13:8282.26;29:7215.77;47:7624.59
healthy:256:16:reps,healthy_alltoall_256mib_p16,healthy,256,16,reps,mrc,7721.78417122,7.72178417122,1.12851186065,13:7922.14;29:7168.2;47:8107.75
healthy:256:16:sglb,healthy_alltoall_256mib_p16,healthy,256,16,sglb,mrc,7486.72227037,7.48672227037,1.09415838259,13:7095.25;29:7665.74;47:7715.31
healthy:256:4:mrc,healthy_alltoall_256mib_p4,healthy,256,4,mrc,mrc,9081.08463525,9.08108463525,1,13:8886.1;29:9466.31;47:8902.69
healthy:256:4:n-mrc,healthy_alltoall_256mib_p4,healthy,256,4,n-mrc,mrc,10562.9382253,10.5629382253,1.16318024219,13:11343.4;29:10242.4;47:10144
healthy:256:4:ops,healthy_alltoall_256mib_p4,healthy,256,4,ops,mrc,11984.9306499,11.9849306499,1.31976863242,13:12172.8;29:12309.1;47:11489.2
healthy:256:4:reps,healthy_alltoall_256mib_p4,healthy,256,4,reps,mrc,10734.9663368,10.7349663368,1.18212380657,13:10141.7;29:11198.6;47:10892.5
healthy:256:4:sglb,healthy_alltoall_256mib_p4,healthy,256,4,sglb,mrc,10236.264243,10.236264243,1.12720722845,13:11023.9;29:9793.52;47:9934.6
healthy:256:8:mrc,healthy_alltoall_256mib_p8,healthy,256,8,mrc,mrc,8424.36504702,8.42436504702,1,13:8415.52;29:8862.01;47:8016.75
healthy:256:8:n-mrc,healthy_alltoall_256mib_p8,healthy,256,8,n-mrc,mrc,8638.68492652,8.63868492652,1.0254404787,13:8862.67;29:8656.79;47:8402.75
healthy:256:8:ops,healthy_alltoall_256mib_p8,healthy,256,8,ops,mrc,8855.76753068,8.85576753068,1.05120890195,13:9006.38;29:9377.84;47:8222.91
healthy:256:8:reps,healthy_alltoall_256mib_p8,healthy,256,8,reps,mrc,8686.68600041,8.68668600041,1.03113836496,13:8726.46;29:8148.5;47:9218.21
healthy:256:8:sglb,healthy_alltoall_256mib_p8,healthy,256,8,sglb,mrc,8451.94176502,8.45194176502,1.00327344765,13:8501.62;29:8439.11;47:8415.33
healthy:64:16:mrc,healthy_alltoall_64mib_p16,healthy,64,16,mrc,mrc,1734.95302402,1.73495302402,1,13:1729.43;29:1728.64;47:1746.85
healthy:64:16:n-mrc,healthy_alltoall_64mib_p16,healthy,64,16,n-mrc,mrc,1798.73293061,1.79873293061,1.03676174842,13:1813.41;29:1814.85;47:1768.33
healthy:64:16:ops,healthy_alltoall_64mib_p16,healthy,64,16,ops,mrc,1812.93304203,1.81293304203,1.04494647228,13:1801.39;29:1849.91;47:1788.08
healthy:64:16:reps,healthy_alltoall_64mib_p16,healthy,64,16,reps,mrc,1807.22079057,1.80722079057,1.04165401918,13:1823.7;29:1805.86;47:1792.24
healthy:64:16:sglb,healthy_alltoall_64mib_p16,healthy,64,16,sglb,mrc,1922.61722059,1.92261722059,1.10816673072,13:1951.01;29:1899.06;47:1918.14
healthy:64:4:mrc,healthy_alltoall_64mib_p4,healthy,64,4,mrc,mrc,2254.89450486,2.25489450486,1,13:2388.88;29:2238.92;47:2143.61
healthy:64:4:n-mrc,healthy_alltoall_64mib_p4,healthy,64,4,n-mrc,mrc,2306.47825289,2.30647825289,1.02287634651,13:2158.72;29:2367.65;47:2400.68
healthy:64:4:ops,healthy_alltoall_64mib_p4,healthy,64,4,ops,mrc,2996.68170913,2.99668170913,1.32896758703,13:3072.94;29:3148.38;47:2781.51
healthy:64:4:reps,healthy_alltoall_64mib_p4,healthy,64,4,reps,mrc,2455.59786332,2.45559786332,1.08900787067,13:2185.35;29:2520.88;47:2687.81
healthy:64:4:sglb,healthy_alltoall_64mib_p4,healthy,64,4,sglb,mrc,2332.81860204,2.33281860204,1.03455775736,13:2122.35;29:2563.52;47:2333.4
healthy:64:8:mrc,healthy_alltoall_64mib_p8,healthy,64,8,mrc,mrc,1710.52507157,1.71052507157,1,13:1708.2;29:1726.81;47:1696.7
healthy:64:8:n-mrc,healthy_alltoall_64mib_p8,healthy,64,8,n-mrc,mrc,1842.96633934,1.84296633934,1.07742725902,13:1812.98;29:1858.36;47:1857.93
healthy:64:8:ops,healthy_alltoall_64mib_p8,healthy,64,8,ops,mrc,1913.57491495,1.91357491495,1.11870614863,13:1929.75;29:1868.27;47:1943.55
healthy:64:8:reps,healthy_alltoall_64mib_p8,healthy,64,8,reps,mrc,1777.68022823,1.77768022823,1.03925996629,13:1788.92;29:1768.75;47:1775.43
healthy:64:8:sglb,healthy_alltoall_64mib_p8,healthy,64,8,sglb,mrc,1854.50949683,1.85450949683,1.08417557138,13:1828.36;29:1843;47:1892.78
